city id,city,country,lat,lon,temp_civil_twilight_begin,hum_civil_twilight_begin,cloudiness_civil_twilight_begin,windiness_civil_twilight_begin
1493756,Razdolinsk,RU,58.4211,94.6658,-24.0,87,55,3.31
2523116,Siculiana,IT,37.3344,13.4216,47.61,89,0,1.01
1489423,Tomskaya,RU,58.7844,64.1901,-11.27,89,100,5.88
5976257,Holman,CA,70.7342,-117.7546,-20.2,76,75,16.11
5865670,Kaktovik,US,70.1319,-143.6239,-13.0,84,90,34.52
6142001,Schefferville,CA,54.8002,-66.8318,-0.4,78,1,14.97
1023656,Adelaide,ZA,-32.7075,26.2956,59.88,82,99,5.41
3575660,Pointe Michel,DM,15.25,-61.3833,72.14,100,40,2.3
1485020,Znamenskoye,RU,57.1281,73.8282,-7.11,91,100,6.22
3468453,Cachoeira Alta,BR,-18.7633,-50.9417,66.58,65,0,1.01
5939211,Didyme,CA,48.9,-72.6656,-1.46,72,7,10.36
1154677,Ban Tak,TH,17.0432,99.0813,66.2,68,28,1.88
3881895,Los Loros,CL,-27.8333,-70.1,56.89,56,0,1.34
5983577,Inukjuak,CA,58.4547,-78.1014,5.0,78,40,20.71
1264409,Mahbūbābād,IN,17.6167,80.0167,65.21,91,13,1.83
3436101,Partido de Arrecifes,AR,-34.0,-60.0,56.79,84,0,1.99
2032597,Bayan,MN,47.1667,110.8167,10.92,90,65,11.5
3420937,Qaarsut,GL,70.7333,-52.65,-2.02,75,98,1.52
3859279,Doctor Rogelio Cortizo,AR,-40.7333,-65.0333,63.84,29,0,13.96
1638735,Laiwui,ID,-1.3518,127.6693,80.83,75,90,8.43
1640118,Ketapang Kecil,ID,-1.8333,109.9667,78.19,82,99,10.07
1083968,Ambalavao,MG,-21.8333,46.9333,66.52,83,3,2.37
1281437,Da Juh,CN,36.6,94.1,24.1,55,87,5.93
471308,Voyvozh,RU,62.892,54.9635,-22.68,87,100,5.19
2192521,Castlepoint,NZ,-40.9,176.2167,60.04,65,0,11.48
2014694,Tyrma,RU,50.0833,132.1667,-11.81,89,58,1.36
1528249,Jalal-Abad,KG,40.9333,73.0,37.0,93,90,6.71
1905678,Tinh Ca Mau,VN,9.0833,105.0833,69.48,84,88,6.17
2208425,Zuwārah,LY,32.9312,12.082,62.8,30,100,8.77
3389353,Santarem,BR,-2.4431,-54.7083,71.6,100,90,2.3
1024701,Macia,MZ,-25.0269,33.0989,75.24,92,95,8.93
3923172,El Beni,BO,-14.0,-65.5,75.2,100,75,1.7
7902696,Novyye Plity,RU,54.4933,99.0021,-7.76,85,93,3.96
1525988,Ayagoz,KZ,47.9714,80.4392,17.58,97,100,13.76
6092200,Obed,CA,53.5501,-117.2356,37.4,41,100,6.91
1488950,Turan,RU,52.1453,93.9192,-8.46,83,2,2.15
3291507,Moanflugh,IE,51.9678,-8.9825,43.65,93,20,6.91
2034292,Uliastai,CN,45.55,116.8333,18.48,96,32,16.49
5891871,Baker Lake,CA,64.3201,-96.0212,-13.0,70,75,20.71
6170056,Tulita,CA,64.9308,-125.5003,-27.33,85,88,2.93
5930953,Coutts,CA,49.002,-111.963,29.32,69,100,25.32
2065594,Mount Isa,AU,-20.7333,139.5,73.4,83,14,5.75
6185811,Yukon Territory,CA,62.9996,-135.004,-7.19,88,100,2.86
1638133,Leksula,ID,-3.7802,126.5171,80.58,72,95,6.67
1280485,Nangxian,CN,29.05,93.2,19.42,61,0,1.9
1688666,San Rafael,PH,13.0942,122.96,76.15,82,100,22.28
2328925,Niger State,NG,10.0,6.0,65.17,27,22,4.47
2141722,Bouloupari,NC,-21.8667,166.05,79.07,94,20,2.3
2654970,Brae,GB,60.3964,-1.353,46.4,71,0,25.32
4032243,Vaini,TO,-21.2,-175.2,75.2,78,40,8.05
1507390,Dikson,RU,73.5069,80.5464,-7.58,92,100,10.0
4199928,Helena,US,32.0738,-82.9146,32.25,100,1,4.79
7648112,Colonia,FM,9.5164,138.1217,78.8,94,75,6.91
7073137,Muzhijie,CN,33.9622,112.1652,55.04,37,0,6.08
3691954,Sechura,PE,-5.5569,-80.8222,71.76,80,26,8.57
1793724,Tai’an,CN,36.1853,117.12,47.41,54,0,5.41
5861202,Eagle Village,US,64.7806,-141.1136,-32.8,80,1,0.78
631780,Vieremä,FI,63.8384,26.997,5.0,78,90,8.05
1580541,Hoi An,VN,15.8794,108.335,60.8,94,20,5.66
5847387,Kahuku,US,21.6803,-157.9511,70.93,94,90,12.66
533964,Loukhi,RU,66.0764,33.0381,-10.48,90,97,6.24
7645768,Sorol,FM,8.1435,140.394,83.16,78,94,15.32
2152721,Pooncarie,AU,-33.3833,142.5667,78.21,39,86,10.6
1569805,Tinh Phu Yen,VN,13.1667,109.1667,60.69,100,84,2.91
7670994,Kayangel,PW,8.0823,134.7173,82.36,81,90,11.81
3924826,Rondônia,BR,-10.8667,-61.95,70.3,98,100,3.0
503254,Radishchevo,RU,52.85,47.8833,-14.35,89,14,2.75
382250,Sabun,SS,4.5361,29.2578,65.12,35,58,2.21
3446232,Tramandaí,BR,-29.9847,-50.1336,70.23,81,0,6.62
1507636,Chunskiy,RU,56.0815,99.6342,-12.03,89,96,4.61
1129678,Qarah Bāgh,AF,34.9402,61.7759,37.29,79,94,9.13
2380519,Chingueṭṭi,MR,20.4404,-12.2622,61.88,26,0,9.4
1254133,Tuensang,IN,26.2833,94.8333,54.09,67,0,2.15
506528,Popov,RU,48.1818,42.8533,23.86,88,98,8.23
7839404,Katherine,AU,-14.6501,132.1741,77.0,100,75,5.75
370247,Medingbor,SS,6.4598,29.3997,66.36,26,100,4.7
2126682,Bilibino,RU,68.0546,166.4372,-24.7,63,0,0.98
98862,An Najaf,IQ,31.25,43.8333,49.19,56,0,8.95
6161366,Taloyoak,CA,69.5372,-93.5211,-31.0,75,20,10.36
2027748,Amur Oblast,RU,54.0,128.0,-18.67,84,0,0.76
1182998,Bela,PK,26.2271,66.3111,65.95,27,87,0.94
2524459,Lampedusa,IT,35.5,12.6,59.0,100,75,12.66
1529195,Shihezi,CN,44.3,86.0333,28.53,98,100,3.24
1270351,Haridwar,IN,29.9667,78.1667,51.8,93,0,2.13
2199295,Northern,FJ,-16.5,179.5,72.34,98,66,3.69
2259947,Gamboma,CG,-1.8764,15.8644,72.66,81,100,3.04
110831,Āzādshahr,IR,37.087,55.174,44.6,87,75,2.68
1492810,Seliyarovo,RU,61.2906,70.3425,-18.35,86,97,4.36
5861836,Eureka Roadhouse,US,61.9386,-147.1681,0.57,88,99,2.8
3422891,Ittoqqortoormiit,GL,70.4846,-21.9622,26.69,95,100,14.83
2344415,Duku,NG,11.2361,4.9073,65.8,24,0,6.67
2080422,Jabor,MH,5.921,169.6434,80.6,80,82,19.73
1629652,Riau,ID,0.5005,101.749,75.2,88,40,1.97
355005,Al Jubayl,EG,28.1984,33.6314,51.8,50,0,10.36
1267772,Karhal,IN,27.0003,78.9414,57.4,38,0,5.53
5653884,Gateway (historical),US,48.9991,-115.1732,24.53,93,100,5.64
1337606,Eydhafushi,MV,5.1033,73.0708,82.02,69,100,8.39
88319,Benghazi,LY,32.1167,20.0667,55.71,64,0,4.99
5543199,Millard,US,39.1255,-113.1252,24.8,80,1,4.61
1214488,Meulaboh,ID,4.1363,96.1285,78.15,82,85,4.14
3630473,Pedregal,VE,11.0204,-70.1206,67.86,87,91,6.4
117656,Salmās,IR,38.1973,44.7653,24.8,93,75,4.61
1789053,Xingao,CN,39.0261,112.9616,42.42,48,93,6.29
2270408,Calheta,PT,32.7167,-17.1833,48.52,66,20,3.44
2250677,Kayar,SN,14.9192,-17.1211,64.4,68,51,14.97
779350,Karasjok,NO,69.4719,25.5112,5.0,66,40,19.57
288602,Camp,OM,20.6667,58.8833,74.19,72,0,11.45
2476403,Timimoun,DZ,29.2639,0.231,60.8,16,27,11.5
2023584,Imeni Poliny Osipenko,RU,52.4201,136.4853,-6.65,90,44,3.58
1219899,Amansha,TM,37.6333,61.9,33.8,64,90,6.91
2038665,Alihe,CN,50.5667,123.7167,-2.94,90,95,1.68
1279982,Sima,CN,31.9833,91.0833,11.07,69,48,5.5
192950,Kenya,KE,1.0,38.0,76.35,56,100,8.75
3855715,Eugenio Bustos,AR,-33.7773,-69.0704,62.89,61,0,3.71
1505991,Igarka,RU,67.4667,86.5833,-29.29,84,91,4.59
1813419,Datuo,CN,28.05,112.95,48.2,93,0,2.24
5877395,Valdez-Cordova Census Area,US,61.5006,-144.5006,-2.79,92,100,2.42
2280761,Tiassalé,CI,5.8983,-4.8283,73.29,97,31,2.01
3938526,Ica,PE,-14.3325,-75.4997,60.84,82,93,1.41
1114929,Bukhara,UZ,40.0,64.0,32.0,80,0,6.91
2027316,Ayan,RU,56.45,138.1667,-1.8,82,100,7.25
2122894,Nevel'sk,RU,46.6733,141.8633,-4.0,84,40,18.54
527299,Mezhdurechensk,RU,63.2456,48.5533,-26.81,85,77,3.51
286245,Sur,OM,22.5667,59.5289,65.55,59,0,0.92
933366,Maun,BW,-19.9833,23.4167,68.0,100,90,9.22
1623197,Tual,ID,-5.6667,132.75,83.97,77,91,21.32
2356982,Province de l’Oudalan,BF,14.6667,-0.3333,65.44,21,37,9.91
691497,Tlumach,UA,48.864,25.0033,19.4,100,90,4.85
2729907,Longyearbyen,SJ,78.2186,15.6401,26.6,68,75,12.66
1794831,Shizikou,CN,29.9872,112.013,53.01,77,28,6.17
1498087,Nadym,RU,65.5333,72.5167,-35.63,82,71,4.25
8054118,Mositai,CN,45.5363,119.6697,15.85,95,99,8.52
319487,Çandarlı,TR,38.935,26.934,37.83,81,20,4.61
2490138,Marhoum,DZ,34.4468,-0.1947,51.12,46,65,21.68
3141682,Rjukan,NO,59.8789,8.5941,35.78,1,100,23.0
1490918,Staryy Nadym,RU,65.6118,72.6842,-36.38,82,61,4.14
1529595,Beishanyanchi,CN,44.7667,91.2333,21.0,63,7,3.4
5947462,Eldorado,CA,59.5505,-108.5016,-0.4,85,100,5.28
3858677,El Calafate,AR,-50.3408,-72.2768,49.95,69,59,5.44
2012530,Zhigansk,RU,66.7697,123.3711,-36.11,81,20,5.59
576093,Blagoyevo,RU,63.3667,47.9167,-27.26,84,50,3.85
3122806,Establés,ES,41.0077,-2.0244,44.83,100,75,14.97
3874982,Puerto Cisnes,CL,-44.75,-72.7,48.83,85,100,4.61
2258534,Lekoumou Department,CG,-3.0,13.5,68.54,98,100,0.87
5969475,Hall Beach,CA,68.7913,-81.236,-5.8,84,75,16.11
1861661,Imazu,JP,36.1667,133.3167,55.81,80,0,23.35
8018194,Putrajawa,ID,-7.0054,108.0109,68.63,89,87,2.91
2147554,Tallimba,AU,-34.0,146.8833,74.95,41,51,5.82
4968996,Knox,US,43.8501,-69.3328,16.88,73,1,5.75
4881551,West Union,US,42.9628,-91.8082,21.63,93,90,12.66
7582820,Linha Floresta,BR,-25.1131,-53.8626,65.03,76,41,2.51
5984875,Ivujivik,CA,62.4174,-77.9159,-0.26,93,100,24.56
5848652,Kaunakakai,US,21.0933,-157.0239,69.51,73,40,4.61
380173,Ed Damer,SD,17.5928,33.9592,54.86,40,0,15.77
1279812,Wangda,CN,29.6833,97.9,9.91,81,0,3.22
5131073,Phelps,US,42.9576,-77.0575,14.27,79,40,7.94
3792383,Agustin Codazzi,CO,10.0341,-73.2361,75.27,61,57,4.29
5577158,Fort Morgan,US,40.2503,-103.8,26.67,80,90,16.11
1785694,Yunnan Province,CN,25.0,102.0,50.36,90,100,0.51
2334018,Konkwesso,NG,10.8469,4.0984,63.84,26,12,4.85
3422887,Ittorisseq,GL,70.45,-22.45,26.92,96,100,17.25
3395042,Mazagão,BR,-0.115,-51.2894,75.2,100,90,5.75
203717,Yangambi,CD,0.8102,24.4336,66.96,94,92,0.89
2082282,State of Chuuk,FM,7.454,151.805,82.4,78,90,10.36
1267939,Kapadvanj,IN,23.0167,73.0667,64.4,45,20,5.75
3418910,Upernavik,GL,72.7868,-56.1549,-22.29,85,95,15.08
2029558,Ovoot,MN,45.3042,113.8498,18.19,97,25,12.41
5836068,Rawlins,US,41.7911,-107.2387,12.51,79,90,13.8
2210554,Sirte,LY,31.2089,16.5887,55.22,53,1,8.14
5866302,Kinegnak (historical),US,58.65,-162.2,-5.8,84,1,19.57
2307145,Nsok,GQ,1.1299,11.266,68.31,96,89,1.92
2309528,Luba,GQ,3.4568,8.5547,78.8,69,20,5.75
5359595,Inverness,US,38.101,-122.8569,40.73,93,1,6.42
5846871,Gustavus,US,58.4133,-135.7369,37.98,93,90,8.05
226853,Paidha,UG,2.4167,30.9855,63.43,42,90,4.76
3671348,Puerto Rico,CO,1.9142,-75.145,74.17,70,62,2.46
5840786,Teton,US,43.9166,-110.5841,8.8,68,20,8.05
481548,Troitsko-Pechorsk,RU,62.7084,56.1964,-21.21,86,100,5.64
1489853,Tazovsky,RU,67.4667,78.7,-37.8,83,21,2.13
7602866,Borkou Region,TD,18.25,18.5,58.42,32,69,19.69
352603,Matruh Governorate,EG,29.7,27.5,51.48,62,0,3.49
2076017,Borroloola,AU,-16.0667,136.2833,75.49,94,100,5.37
3363441,Ocean View,ZA,-34.1486,18.3536,59.88,82,40,5.75
780524,Burfjord,NO,69.938,22.0521,10.2,61,90,14.97
2022572,Khatanga,RU,71.9667,102.5,-22.72,87,90,6.4
2074865,Carnarvon,AU,-24.8667,113.6333,75.2,100,57,10.25
114593,Susa,IR,32.1942,48.2436,53.71,43,0,9.37
2906649,Helse,DE,53.9833,9.0,42.4,87,75,4.61
2809944,Wetterzeube,DE,51.0,12.0167,41.04,93,0,4.61
3556334,Jatibonico,CU,21.9419,-79.17,70.52,86,0,11.34
7905767,Nāḩiyat as Sab‘ Biyār,SY,33.5323,38.0082,38.8,75,81,7.49
6149013,Skookumchuck,CA,49.9166,-115.7354,30.2,64,90,18.41
2013727,Vanavara,RU,60.34,102.2797,-19.46,87,100,2.15
1270543,Hāflong,IN,25.1833,93.0333,59.16,57,0,0.31
8030386,Safende,CV,15.369,-25.8398,70.38,77,0,19.48
606714,Backa,SE,64.9833,21.0667,9.3,85,90,8.05
1490256,Talnakh,RU,69.4865,88.3972,-30.75,71,94,3.22
5955840,Fort Good Hope,CA,66.257,-128.6374,-36.4,74,20,4.47
1728675,Balabac,PH,7.9868,117.0645,76.53,73,86,8.34
1966827,Kali,ID,1.1627,121.4278,76.14,84,44,5.84
4174280,Summerfield,US,29.0086,-82.0348,46.78,87,1,4.61
3661980,Tarauaca,BR,-8.1614,-70.7656,71.58,97,97,1.36
7521903,Banana Village,KI,1.9833,-157.3653,77.0,94,40,11.5
2381659,Aleg,MR,17.0481,-13.9209,69.24,20,0,9.93
5880054,Barrow,US,71.2906,-156.7887,-9.4,77,90,19.57
6354929,Tom Price,AU,-22.6939,117.7931,78.8,73,33,5.26
1275920,Bhīnmāl,IN,25.0,72.25,54.88,56,0,1.39
1524296,Esil,KZ,51.9556,66.4042,-16.91,89,48,7.56
6949250,La Grande-4,CA,53.756,-73.6798,-20.2,76,1,6.2
1622167,Wamena,ID,-3.9167,138.7333,50.72,96,66,3.06
2231565,Fontain,CM,5.7333,10.9167,62.01,40,53,3.87
4274450,Lincoln,US,39.0408,-98.1448,31.82,86,90,5.68
6065460,Manson Creek,CA,55.6665,-124.4865,32.5,93,100,13.65
5945789,East LaHave,CA,44.3168,-64.3654,17.4,86,92,14.97
780686,Berlevåg,NO,70.8581,29.0853,14.63,91,10,24.9
3025149,Chilly,FR,45.9933,5.9534,35.49,93,0,3.44
4034749,Wallis et Futuna,WF,-13.3,-176.2,78.62,90,100,19.3
2178253,Adventure Bay,AU,-43.3667,147.3333,59.23,94,75,1.97
6049953,La Reine,CA,48.8669,-79.4997,3.9,95,47,6.73
6151989,Southend Reindeer,CA,56.3169,-103.2341,23.0,93,84,2.3
2123278,Mil'kovo,RU,54.7167,158.6167,10.42,95,99,0.45
1279715,Xigaze,CN,29.25,88.8833,13.86,62,0,1.5
2121373,Seymchan,RU,62.8833,152.4333,-31.05,79,45,3.0
1279860,Darya Boyi,CN,38.3833,82.0,41.11,53,100,5.79
5992044,Kimball,CA,49.0833,-113.2019,35.6,51,90,40.29
3133145,Utsira,NO,59.3057,4.8862,46.67,87,40,17.27
2377457,Nouadhibou,MR,20.931,-17.0347,59.0,94,20,9.22
2705718,Högsby,SE,57.166,16.0256,33.35,100,99,5.75
5974227,Heron Bay,CA,48.6668,-86.2832,24.8,74,81,6.91
7626930,Sokehs Municipality,FM,6.9327,158.1427,80.6,78,75,3.44
1790534,Changning,CN,35.9798,110.8221,38.61,65,0,4.54
2101169,Aitape,PG,-3.1374,142.3475,79.02,78,95,4.47
2030251,Ihbulag,MN,43.2,107.2,36.88,70,36,11.81
101627,Tabuk,SA,27.5,37.3333,39.97,70,0,5.79
2071379,Forrest,AU,-30.85,128.1,53.6,82,0,5.75
1695546,Pandan,PH,14.0453,124.1694,76.44,83,100,18.14
8079140,Tambakrejo,ID,-8.3111,112.1429,76.32,84,77,10.92
6547288,Jerada,MA,34.2366,-2.0428,64.4,19,40,6.91
3383337,Distrikt Para,SR,5.4167,-55.3333,73.51,100,20,2.3
99350,Al Ḩayy,IQ,32.1735,46.0433,53.76,52,31,8.99
4975418,Piscataquis,US,45.8,-69.2995,10.33,78,64,16.11
6113467,Prince William,CA,45.9168,-67.0489,7.7,79,1,5.75
2122605,Okhotsk,RU,59.3833,143.3,-0.67,83,100,11.59
5955950,Fort Severn,CA,55.9835,-87.6332,14.0,85,1,10.36
2098322,Dasi,PG,-2.7,141.3,76.87,84,55,4.36
3838854,Río Grande,AR,-53.7877,-67.7095,44.6,87,90,9.22
3670745,Riohacha,CO,11.5444,-72.9072,74.52,82,62,8.39
1500933,Labytnangi,RU,66.6572,66.4183,-28.35,84,100,2.1
1100188,Damião,MZ,-22.0228,35.3153,79.34,80,100,9.17
6202181,Milford Sound,NZ,-44.6684,167.92,52.95,57,47,1.48
5948965,Ennadai,CA,61.1338,-100.8842,3.2,85,100,5.75
2016733,Shestakovo,RU,56.4915,103.96,-7.42,88,100,5.3
5790164,Clallam,US,48.0498,-123.8346,44.6,93,90,7.52
111821,Yazd,IR,32.5,55.5833,42.15,56,0,2.91
609919,Quryq,KZ,43.2,51.65,28.17,95,8,6.58
2515493,Las Cabezas de San Juan,ES,36.9838,-5.9393,55.89,82,75,6.91
5489698,San Juan,US,36.9992,-109.0409,23.0,58,1,5.75
3572601,Cooper's Town,BS,26.8667,-77.5167,66.69,73,15,27.29
2215210,Al Burayqah,LY,30.4062,19.5739,56.25,59,0,5.32
3980124,Villa Unión,MX,23.9667,-104.0333,44.6,45,1,8.05
69769,Usaylan,YE,15.032,45.8283,61.88,32,3,4.27
2014833,Tura,RU,64.2833,100.25,-37.79,75,69,3.31
1627035,Simpang,ID,-1.2667,104.0833,73.15,94,95,2.04
2634428,Western Isles,GB,57.6667,-7.1667,45.72,81,40,29.93
5994519,Kuujjuarapik,CA,55.2836,-77.7495,8.6,72,1,18.41
3997747,Los Garza,MX,28.0833,-100.3667,47.19,100,1,6.91
6422131,Huangtang,CN,26.0394,112.035,55.42,74,23,2.48
3692994,Quiruvilca,PE,-7.9667,-78.2,31.44,89,26,2.04
4582287,Horry County,US,33.9168,-78.9831,31.66,64,1,6.91
5924351,Clyde River,CA,70.4692,-68.5914,-31.0,75,1,3.44
2110418,Yaren,NR,-0.5472,166.916,81.46,82,89,13.71
580707,Arzhanovskaya,RU,50.1152,42.3521,16.43,78,96,6.24
471160,Voznesen'ye,RU,61.0106,35.4781,0.41,93,100,11.23
2013279,Vostok,RU,46.4856,135.8833,-4.61,92,97,4.47
3164175,Villanova,IT,45.0265,9.9985,44.76,100,75,1.14
1128239,Rūdbār,AF,30.15,62.6,63.68,33,97,2.55
2018069,Peleduy,RU,59.6289,112.7406,-22.09,84,98,3.15
2566016,Inga,CG,-4.2464,15.2286,75.87,88,20,1.14
88903,Al Marj,LY,32.488,20.8317,44.2,82,0,2.08
480267,Turki,RU,51.987,43.2731,8.49,96,97,2.89
1651461,Amuntai,ID,-2.4177,115.2494,71.8,91,93,0.63
2063176,Point Samson,AU,-20.6333,117.2,85.24,70,24,10.69
1797039,Rulong,CN,30.9418,100.3096,28.17,75,0,1.41
3608828,Iralaya,HN,15.0,-83.2333,78.8,83,40,9.22
4166208,North Key Largo,US,25.2673,-80.3234,68.72,64,20,11.5
1269578,Jagdalpur,IN,19.0667,82.0333,59.43,60,1,2.46
3668562,Santa Rita,CO,4.8678,-68.3611,73.56,92,95,1.5
6533958,es Mercadal,ES,40.0415,4.1218,55.4,94,75,17.27
588879,Saare,EE,58.25,22.4667,37.47,93,20,9.22
2453514,Ménaka,ML,15.9182,2.4022,63.28,23,7,11.27
2493455,Illizi Province,DZ,26.8333,8.1667,51.8,15,40,2.3
2138410,Saint-Joseph,NC,-20.4,164.5667,77.32,83,100,3.65
2422442,Dabola,GN,10.75,-11.1167,73.02,41,46,1.16
1282256,Hithadhoo,MV,-0.6,73.0833,82.08,77,100,12.77
1263528,Marhaura,IN,25.9667,84.8667,57.2,77,0,2.3
1506938,Erzin,RU,50.261,95.1623,0.64,81,42,5.46
5886735,Arctic Bay,CA,73.0347,-85.1663,-11.2,70,100,19.57
6942826,La Paz,MX,24.1333,-110.3,57.06,58,5,6.76
5301067,Kingman,US,35.1894,-114.053,41.95,60,1,6.91
218229,Bongandanga,CD,1.5,21.05,66.63,84,100,1.9
2377539,Nema,MR,16.6162,-7.2535,74.23,18,3,15.17
187896,Mandera,KE,3.9366,41.867,72.09,69,40,6.8
1535379,Novoishimskiy,KZ,53.1981,66.7694,-15.72,89,66,9.57
3952372,Chuquitira,PE,-17.2878,-70.045,38.98,85,100,2.24
1266991,Khāpri,IN,21.05,79.0333,62.6,55,43,2.3
2029118,Suugaant,MN,45.5326,107.0455,29.01,85,0,25.43
2019718,Mukhen,RU,48.1,136.1,2.01,92,97,4.43
2450849,Sokolo,ML,14.7328,-6.1219,69.91,20,16,9.53
3862254,Catriel,AR,-37.8791,-67.7956,64.17,27,0,2.59
3841894,Paso de Indios,AR,-43.8623,-69.046,56.25,43,99,9.15
1917124,Xiaozhen,CN,23.9854,114.026,53.73,78,34,1.7
4030699,Pitcairn Islands,PN,-25.0667,-130.1,77.23,74,0,9.06
3659210,Chinchipe,EC,-2.2,-81.0,75.33,79,66,6.24
4675536,Bolivar Peninsula,US,29.4783,-94.5799,53.22,82,75,9.22
2634950,Virkie,GB,59.8833,-1.3,46.4,71,19,25.32
2473803,El Borma,TN,31.6917,9.2062,53.6,26,10,5.75
3558315,Gibara,CU,21.1097,-76.1317,71.6,88,40,9.22
6620042,L'Oudon,FR,48.9971,0.0097,50.13,76,0,10.36
4036495,Nikao,CK,-21.2067,-159.8094,77.0,88,75,3.44
1262062,Naliya,IN,23.2667,68.8333,67.62,29,65,4.23
6091069,Northwest Territories,CA,69.5006,-121.5044,-25.6,68,100,16.11
1626542,Sorong,ID,-0.8833,131.25,80.89,77,98,5.3
3421193,Paamiut,GL,61.994,-49.6678,5.95,89,64,8.08
2474871,Zaouia Sidi Bekri,DZ,27.7925,-0.2468,66.2,10,0,18.41
3572603,Congo Town,BS,24.1667,-77.5833,73.22,80,39,27.09
5462567,Colfax,US,36.8756,-105.1261,21.4,86,40,7.09
7302494,Nai Harn,TH,7.7786,98.3066,77.0,69,20,14.97
1996551,Riau Islands,ID,0.6167,106.9833,79.45,82,100,17.4
5887666,Asinkaanumevatt,CA,52.2581,-96.8525,15.8,86,0,5.75
1807687,Huaicheng,CN,23.9051,112.1931,59.41,71,9,1.12
1508961,Borki,RU,58.4858,92.0823,-25.92,86,70,1.52
1271940,Farrukhnagar,IN,17.0778,78.2011,65.73,100,40,3.44
2067890,Laverton,AU,-28.6333,122.4167,70.65,43,0,14.76
1213530,Tanjungtiram,ID,4.0613,98.3699,75.2,100,40,2.59
5062096,Stutsman,US,46.9583,-98.9336,18.05,79,1,7.96
5989203,Kangiqsualujjuaq,CA,58.6914,-65.9525,-6.48,90,100,12.08
1260771,Palāsa,IN,18.7667,84.4167,68.18,62,62,3.49
1213721,Sinabang,ID,2.4803,96.3801,80.69,76,96,4.07
3003045,Le Palais,FR,47.3456,-3.1541,48.22,100,75,6.91
744873,Kagizman,TR,40.1567,43.1342,3.2,85,75,8.05
7654016,Mmale,BW,-22.2827,26.9834,69.06,81,96,5.93
1143816,Dasht-e Qal‘ah,AF,33.03,63.8394,47.98,53,53,2.95
4025994,Coahuayana de Hidalgo,MX,18.7,-103.6583,68.0,64,1,3.76
2077456,Australia,AU,-25.0,135.0,86.92,24,0,5.39
1643812,Gotalalamo,ID,2.0333,128.3167,81.84,75,99,9.55
1529531,Dunhuang,CN,40.1667,94.6833,30.52,82,90,1.83
2476301,Tindouf,DZ,27.6711,-8.1474,55.4,26,40,11.5
132142,Ostān-e Hamadān,IR,34.8333,48.5833,24.8,74,40,6.91
480453,Tumbotino,RU,55.9993,43.0236,-23.8,76,92,3.02
2017384,Rudnaya Pristan',RU,44.3614,135.8116,11.57,85,0,7.74
664902,Titeşti,RO,45.0167,25.0,29.32,97,18,1.99
3665361,Amazonas,BR,-5.0,-63.0,71.2,92,100,2.68
1309611,Myeik,MM,12.4333,98.6,70.3,65,31,4.34
5983202,Inglis,CA,50.9447,-101.252,8.8,95,0,7.81
7037155,Wonorejo,ID,-8.0691,113.0708,69.48,83,97,1.5
3473817,Porto Velho,BR,-32.0333,-52.0917,63.0,98,30,5.41
1641977,Kalianget,ID,-7.05,113.9333,78.01,82,100,10.47
1152562,Kui Buri,TH,12.0828,99.8543,66.2,88,79,3.4
609862,Atyraū Oblysy,KZ,47.0,52.0,14.0,85,72,6.71
148617,Aghdam Rayon,AZ,40.0,47.0,35.82,85,100,6.04
1816373,Bijie,CN,27.3125,105.2942,48.02,90,95,1.19
2399001,Mayumba,GA,-3.432,10.6554,77.34,84,96,2.13
2028357,Ulaan-Uul,MN,46.0674,100.8172,14.74,85,0,7.0
2018813,Novyy Uoyan,RU,56.1572,111.7056,-7.15,84,99,2.51
6126200,Rochfort Bridge,CA,53.9169,-115.0355,39.2,45,75,8.05
779622,Havoysund,NO,70.9963,24.6622,12.2,62,0,12.66
2015913,Suntar,RU,62.1444,117.6319,-25.58,85,96,3.76
1280878,Kangxiwar,CN,36.2,78.7667,20.41,80,0,7.67
1525736,Barshatas,KZ,48.1697,78.6614,-3.59,92,52,4.45
1501706,Krutikha,RU,53.9599,81.2093,-9.67,90,100,7.56
1688119,Santa Josefa,PH,7.9911,126.03,71.22,93,100,2.37
6116548,Rankin Inlet,CA,62.8173,-92.0832,-2.2,78,90,11.5
2333064,Kuta,NG,9.8667,6.7167,66.25,26,0,8.75
1281019,Hotan,CN,37.0997,79.9269,34.2,73,1,2.71
2830425,Spindelwag,DE,48.0,10.0,30.36,93,0,2.3
3919884,Colchani,BO,-20.3,-66.9333,49.89,65,95,3.09
1637001,Luwuk,ID,-0.9516,122.7875,77.88,70,86,4.65
1799319,Niuchehe,CN,29.0485,110.975,53.55,73,0,5.23
443187,Karaman Province,TR,37.0833,33.25,17.78,95,100,5.35
8054418,Shangdu,CN,42.25,116.008,27.77,90,54,12.3
151610,Ngorongoro,TZ,-3.2397,35.4875,52.59,100,100,2.06
1054329,Vangaindrano,MG,-23.35,47.6,75.72,91,27,4.27
5974962,Highland Grove,CA,45.0668,-78.0828,-3.44,77,1,1.14
96994,Dahuk,IQ,36.8695,42.994,34.34,87,0,3.11
3929520,San Juan de Marcona,PE,-15.3653,-75.1622,68.86,81,99,14.54
1337619,Ugoofaaru,MV,5.6667,73.0,81.79,68,93,6.78
3357114,Grootfontein,NA,-19.5667,18.1167,64.06,91,100,7.52
3854988,Gobernador Costa,AR,-44.0499,-70.598,43.68,73,100,11.88
2029624,Ongon,MN,46.9826,103.7839,8.78,95,90,7.2
7645217,Losap,FM,6.894,152.74,82.18,78,64,23.11
908734,Lyembo,ZM,-14.2333,28.2333,63.9,94,99,3.15
1499385,Manzya,RU,58.4922,96.2617,-19.8,85,82,4.54
146183,Perivólia,CY,34.8292,33.5833,46.74,66,75,5.75
3581511,Orange Walk District,BZ,17.8333,-88.8333,65.21,100,75,4.61
2016443,Skovorodino,RU,53.9833,123.9167,-18.4,80,71,2.06
295629,Ashdod,IL,31.8167,34.65,43.59,87,0,1.14
5927708,Coral Harbour,CA,64.1341,-83.1662,5.0,85,90,4.61
5877543,Wainwright,US,70.6369,-160.0383,-15.11,90,100,13.22
519705,Novaya Derevnya,RU,63.9011,38.0602,-20.92,85,0,6.26
2322552,Takum,NG,7.2667,9.9833,65.59,27,49,2.55
3495684,Oviedo,DO,17.8014,-71.401,72.32,70,19,6.67
3516522,Soto la Marina,MX,23.7667,-98.2167,55.0,92,0,5.01
3674293,Mosquera,CO,2.5086,-78.4511,76.39,87,59,6.89
5983720,Iqaluit,CA,63.7506,-68.5145,-25.6,68,1,2.3
2025197,Dada,RU,49.1678,136.4726,3.2,94,91,5.12
3831682,Dundas,GL,76.55,-68.8,-25.65,72,0,2.62
2013465,Verkhoyansk,RU,67.5447,133.385,-38.11,77,51,0.04
2035189,Sanchahe,CN,44.9631,126.0153,12.45,95,100,9.75
5650429,Eden,US,47.27,-111.2722,29.46,59,1,23.02
2524842,Domus de Maria,IT,38.944,8.8635,53.19,87,0,4.61
3863503,Cafayate,AR,-26.073,-65.9761,62.55,71,77,2.01
1510695,Baykalovsk,RU,70.69,83.62,-32.1,83,36,4.83
2094342,Kavieng,PG,-2.5744,150.7967,82.4,80,60,11.5
1843491,Iksan,KR,35.9439,126.9544,42.08,86,0,7.63
5870308,North Slope,US,69.2506,-152.0006,-22.43,86,85,8.52
2290609,Dabakala,CI,8.3667,-4.4333,72.52,20,43,2.91
71687,Rudum,YE,14.0851,47.7431,67.44,81,91,1.99
6157570,Stony Rapids,CA,59.2603,-105.8351,-2.2,84,90,1.77
2068145,Kulpara,AU,-34.0667,138.0333,57.0,93,0,9.44
3986553,San Jerónimo de Juárez,MX,17.1333,-100.4667,70.93,53,0,3.15
3832376,Yacimiento Río Turbio,AR,-51.5732,-72.3508,37.36,100,40,0.94
1265534,Kurāra,IN,25.9833,79.9833,58.8,38,6,4.74
80509,Al Bardīyah,LY,31.7561,25.0865,52.25,64,0,6.11
3437689,Naranjal,PY,-25.9667,-55.1833,68.0,83,0,5.75
3874943,Quellón,CL,-43.1167,-73.6167,53.6,94,90,4.61
211384,Longanio,CD,-2.25,23.3,68.0,86,100,1.48
841412,Yuzhnyy,RU,45.0222,41.0097,20.43,94,51,4.99
1270118,Hesla,IN,24.0667,85.8833,60.39,39,0,3.67
1788491,Xinzhai,CN,36.9428,107.9476,39.85,53,44,10.6
3027582,Chalabre,FR,42.9825,2.0054,48.81,87,75,21.85
2315417,Inongo,CD,-1.95,18.2667,72.84,78,100,2.71
2282006,San-Pédro,CI,4.7485,-6.6363,74.71,96,41,5.53
5971679,Harty,CA,49.4835,-82.6831,7.68,85,1,11.5
102527,Sakakah,SA,29.9697,40.2064,44.6,70,0,10.36
4923096,Lynn,US,40.0498,-84.9397,13.66,100,1,9.22
3153910,Hansnes,NO,69.9624,19.6186,21.2,68,75,28.77
2215636,Libya,LY,25.0,17.0,46.81,53,0,7.92
2110384,Funafuti,TV,-8.5172,179.1305,80.6,83,75,17.27
4030656,French Polynesia,PF,-15.0,-140.0,80.74,71,0,12.59
1298480,Sagaing Region,MM,23.5,95.5,67.1,73,100,3.24
215771,Isiro,CD,2.7739,27.616,60.6,69,94,2.86
6116154,Raleigh,CA,51.5668,-55.7313,-0.67,78,1,10.36
780166,Finnmark,NO,70.0,25.0,7.34,66,40,19.57
2064155,Onslow,AU,-21.65,115.1,82.11,72,100,14.45
2032490,Bayan-Ovoo,MN,49.0167,111.6333,6.53,85,68,9.71
2093846,Kiunga,PG,-6.1219,141.2906,73.98,98,100,2.37
3397873,Itaú,BR,-5.8397,-37.9928,73.09,86,20,3.65
579432,Balezino,RU,57.9796,53.0106,-12.71,90,94,3.78
396460,Khushaybī al Ḩaḑar,SA,25.7621,43.2835,54.55,58,0,13.33
2017370,Russia,RU,60.0,100.0,-16.55,88,100,2.01
3463120,Formoso,BR,-14.9467,-46.2319,67.03,93,100,5.48
3690733,Yauya,PE,-8.9833,-77.3,43.63,73,93,1.83
5350605,Frazier Park,US,34.8228,-118.9448,34.92,69,1,5.75
2176715,Barringun,AU,-29.0167,145.7167,78.44,43,0,5.06
2025630,Chara,RU,56.9064,118.2631,-24.05,72,23,0.72
3479308,Paind do Araguaia,BR,-11.4403,-50.3142,71.69,96,100,4.29
4956915,Ash Point,US,44.0556,-69.0867,16.56,73,1,5.75
1516593,Zhezdi,KZ,48.0644,67.0539,5.0,78,75,2.24
1736305,Kuala Kedah,MY,6.1,100.3,73.94,88,20,2.3
3424607,Tasiilaq,GL,65.6145,-37.6368,32.0,80,75,34.52
653760,Kaskinen,FI,62.3759,21.2261,28.27,98,100,8.9
1525504,Belogor’ye,KZ,51.5297,77.4714,-5.19,84,0,6.82
2630299,Hofn,IS,64.2539,-15.2082,39.2,74,100,25.43
3393764,Oeiras,BR,-7.0253,-42.1311,69.22,92,97,2.04
6114685,Qikiqtarjuaq,CA,67.5555,-64.0249,-22.0,76,1,10.36
3520161,Sabancuy,MX,18.9667,-91.1833,64.44,86,24,6.35
3827832,Rumo Cocha,PE,-3.7792,-73.3119,77.0,88,75,5.75
6152248,South Indian Lake,CA,56.7795,-98.9281,18.1,97,86,6.91
3441442,Ombues de Lavalle,UY,-33.9167,-57.7833,59.0,80,0,8.5
103035,Rābigh,SA,22.7986,39.0349,68.05,50,0,3.62
549748,Kholmogory,RU,64.2229,41.656,-31.0,68,20,4.47
2387440,Dam,CF,6.4833,17.4333,64.99,28,42,3.67
2125072,Kamchatka,RU,55.0,159.0,8.38,97,100,0.47
2087362,Salamo,PG,-9.6603,150.7856,80.89,75,42,1.03
7839384,Paroo,AU,-27.9874,145.7175,78.01,43,0,4.38
4968894,Kingfield,US,44.9592,-70.154,11.62,73,1,5.75
1648512,Bobong,ID,-1.947,124.3829,79.36,71,78,3.04
216404,Gbadolite,CD,4.2833,21.0167,65.34,85,100,2.33
5859193,Chignik,US,56.2953,-158.4022,25.88,96,100,4.47
688279,Yavoriv,UA,49.0167,22.914,32.54,100,90,4.47
3445983,Tucano,BR,-10.9631,-38.7867,71.35,85,100,6.51
66108,Shāhrūd,IR,36.4167,55.0167,35.92,76,0,5.28
6062100,Lupin Mine,CA,65.7643,-111.2232,-16.6,76,100,12.66
1517529,Uzynkair,KZ,45.7167,60.9,26.26,88,44,5.21
3388145,São Raimundo Nonato,BR,-9.0153,-42.6994,69.17,92,93,0.25
2028051,Akana,RU,63.9,119.0167,-28.41,85,92,2.39
4770766,Louisa,US,38.0251,-78.0042,16.16,92,1,2.71
1540475,Turtas,RU,58.9417,69.1325,-11.54,90,100,2.35
3114980,Urduña / Orduña,ES,42.9944,-3.0097,51.64,71,0,8.05
5274473,Stanley,US,44.96,-90.9371,14.94,73,40,3.44
5877087,Uganik,US,57.7667,-153.4,21.2,79,1,6.91
2158977,Mallacoota,AU,-37.55,149.75,69.01,88,82,1.01
3526756,Isla Mujeres,MX,21.2311,-86.731,71.15,73,40,6.91
1792999,Tiandeng,CN,23.1266,107.0937,57.61,79,0,4.45
3462710,Galheiro,BR,-18.9667,-51.95,66.65,73,0,1.9
2066859,Marvel Loch,AU,-31.4667,119.4667,64.45,58,0,10.42
3423146,Ilulissat,GL,69.2167,-51.1,3.2,72,90,10.36
1799897,Nanma,CN,36.1817,118.1583,48.0,52,0,10.02
1860941,Jūrokuban,JP,30.6,130.9833,59.47,68,0,10.83
6691320,Nord-du-Québec,CA,51.962,-74.8961,-6.36,92,0,4.88
3141548,Rognan,NO,67.0953,15.3878,24.8,68,75,39.12
5887448,Arviat,CA,61.1088,-94.0585,3.2,78,90,14.97
1529626,Baijiantan,CN,45.6333,85.1833,22.8,93,85,6.26
6137052,Sachs Harbour,CA,71.9841,-125.2463,-18.4,76,90,17.27
153214,Morogoro,TZ,-8.0,37.0,70.52,82,100,0.6
1614696,Pak Chom,TH,18.0206,101.8983,63.57,100,8,3.44
2183619,Raumati South,NZ,-40.95,174.9833,59.77,82,40,23.02
5873776,Seward,US,60.1042,-149.4422,13.17,62,1,11.05
2220853,Yokadouma,CM,3.5167,15.05,64.13,48,64,1.32
3980487,Venado,MX,22.9333,-101.0833,45.5,53,0,1.97
2597172,Tiapoum,CI,5.1362,-3.0231,77.86,87,12,3.06
1628757,Sangkulirang,ID,0.9833,117.9667,72.75,93,99,2.86
2017155,Saskylakh,RU,71.9167,114.0833,-28.91,84,84,2.39
3467850,Campinhos,BR,-14.8667,-40.8833,63.05,98,100,3.36
3581418,Privassion Camp,BZ,17.0333,-88.95,64.22,94,75,2.13
3854981,Gobernador Gregores,AR,-48.7506,-70.2474,50.4,59,56,3.11
1518062,Torghay,KZ,49.6339,63.4981,-12.5,86,31,4.63
2089478,Northern Province,PG,-9.0,148.5,75.22,81,87,3.18
3661948,Marechal Thaumaturgo,BR,-8.9411,-72.7917,70.11,96,99,0.63
209598,Manono,CD,-7.3,27.4167,67.66,97,100,1.95
698247,Oster,UA,50.9506,30.8823,32.05,93,100,6.71
1061412,Mananara,MG,-16.1667,49.7667,76.08,89,35,3.76
933077,Shakawe,BW,-18.3667,21.85,66.99,95,100,8.1
363533,Zalingei,SD,12.9096,23.4741,55.42,34,36,4.74
2179671,Manawatu-Wanganui,NZ,-39.95,175.0167,57.0,96,0,1.99
1307641,Myoma,MM,20.1333,92.8833,72.37,48,93,6.42
6445087,Saint-Mandrier-sur-Mer,FR,43.0667,5.9333,52.81,76,90,20.71
3406001,Batalha,BR,-4.025,-42.075,70.38,97,36,2.57
1538730,Omskiy,RU,57.6356,91.9072,-20.54,88,82,4.43
1528998,Yumen,CN,40.2833,97.2,29.71,77,69,2.33
2485794,Ouargla Province,DZ,30.5,6.1667,60.15,28,16,10.83
3370221,Banghoek,ZA,-33.9167,18.9167,59.88,82,40,5.75
2032436,Bayasgalant,MN,46.9833,112.05,13.15,97,70,10.51
478050,Ust'-Kulom,RU,61.6864,53.6902,-17.7,87,98,3.94
5955550,Forest Lawn Industrial,CA,51.0334,-113.9687,34.34,38,75,17.27
3685070,Durania,CO,1.2667,-70.1833,70.57,98,90,1.88
1522605,Kīevka,KZ,50.2619,71.5514,0.9,92,100,13.69
5882640,Aguanish,CA,50.2168,-62.0818,5.0,66,40,11.5
2841488,Sankt Peter,DE,48.0167,8.0333,37.69,81,0,5.75
3374351,Pombas,CV,17.1503,-25.0201,68.0,73,20,24.16
389469,Baladīyat ar Rayyān,QA,25.2,51.05,63.86,77,75,9.22
3581398,Punta Gorda,BZ,16.0984,-88.8097,68.0,83,90,6.91
921745,Nioumachoua,KM,-12.3614,43.7153,83.07,68,100,2.62
1808212,Hechuan,CN,29.9947,106.2572,53.6,76,0,2.24
7627186,Pingelap,FM,6.2059,160.7033,82.09,75,95,16.62
2444219,Gouré,NE,13.9835,10.2704,58.59,30,39,10.58
2426991,Ngardiana,TD,13.2341,18.2975,59.5,29,0,9.73
749100,Çilimli,TR,40.8936,31.0492,28.27,88,0,4.16
1605742,Ta Phraya,TH,14.0031,102.8054,68.7,57,73,5.37
524100,Muyezerskiy,RU,63.9333,31.65,-2.16,92,100,12.08
1632998,Pamanukan,ID,-6.2842,107.8106,75.0,90,99,7.14
4063619,Gadsden,US,34.0143,-86.0066,28.94,100,1,3.76
828886,Horad Pinsk,BY,52.1214,26.0728,29.12,99,99,6.58
5933900,Cumberland House,CA,53.9668,-102.2676,18.61,96,33,10.29
5335846,Channel Islands Beach,US,34.1581,-119.2232,53.04,46,1,6.91
3848949,La Rioja Province,AR,-30.0,-67.5,58.37,78,9,0.54
1627520,Seratak,ID,-3.4,116.2333,74.37,87,100,2.59
2723201,Bastuträsk,SE,65.0,17.6833,10.94,86,90,8.05
3385899,Tutóia,BR,-2.7619,-42.2744,75.56,90,91,7.07
2439812,Say,NE,13.1007,2.3689,68.0,14,100,4.61
1240622,Kelaniya,LK,6.9553,79.922,75.2,94,0,3.44
1280194,Qümong,CN,32.9777,98.098,2.88,66,0,3.4
2146616,Tilpa,AU,-30.95,144.4,79.43,40,0,3.74
162199,Annau,TM,37.8876,58.516,32.0,80,40,4.61
3935619,Madre de Dios,PE,-12.0,-70.25,70.29,100,100,2.46
7641247,Huangbai,CN,25.9553,116.006,53.2,63,5,2.73
1695180,Simbahan,PH,6.3032,120.5836,80.2,78,57,16.4
3424424,Atammik,GL,64.8,-52.2167,1.81,83,94,5.12
2122104,Petropavlovsk-Kamchatskiy,RU,53.0452,158.6483,12.2,73,97,8.95
798536,Rabocheostrovsk,RU,64.9855,34.7661,-11.72,90,94,8.84
3844933,Maquinchao,AR,-41.25,-68.7333,50.77,48,0,10.87
2123814,Leningradskiy,RU,69.3833,178.4167,-12.78,88,99,8.93
7626924,Mokil Municipality,FM,6.688,159.757,82.09,77,99,17.52
5941588,Donkin,CA,46.1834,-59.8651,22.84,63,90,13.8
3382998,Suriname,SR,4.0,-56.0,68.49,98,100,0.2
2122229,Paratunka,RU,52.95,158.2333,12.2,73,94,8.95
5192657,Harleigh,US,40.9806,-75.9713,13.14,73,1,5.75
6947098,Rigolet,CA,54.1701,-58.4344,-14.55,85,4,8.43
1831172,Kampong Cham,KH,12.0833,105.5833,65.61,76,64,4.25
2119625,Yagodnoye,RU,64.65,170.4,-26.45,76,0,0.56
5963145,Goose Creek,CA,58.6751,-94.1448,8.6,85,75,5.75
910361,Limulunga,ZM,-15.0969,23.1376,66.51,95,100,6.93
1182872,Bhag,PK,29.0415,67.8239,67.35,24,100,3.0
5880568,Bethel,US,60.7922,-161.7558,-8.91,70,90,14.97
7839592,Longreach,AU,-23.876,143.8671,71.6,73,0,3.85
242048,Salamat Region,TD,11.0,20.5,63.5,28,100,5.17
1488616,Uk,RU,55.079,98.8586,-8.12,89,95,4.21
2156785,Mossgiel,AU,-33.2667,144.5667,80.13,36,9,6.82
5609855,Teton,US,43.9166,-111.3761,18.05,93,90,16.11
1641510,Kangboi,ID,1.0833,104.05,77.32,78,40,14.97
6558470,Waddeweitz,DE,53.0064,10.971,40.69,93,20,3.44
3450206,Santa Helena de Goiás,BR,-17.8136,-50.5969,69.62,90,0,1.5
1507203,Drovyanoy,RU,72.4017,72.7625,-3.89,92,100,9.78
4704395,Lake Brownwood,US,31.8357,-99.0078,48.99,76,90,13.8
1494482,Polunochnoye,RU,60.8697,60.4153,-19.26,89,100,4.16
3419714,Kangerlussuaq,GL,67.0088,-50.6894,-7.6,71,90,5.75
2127436,Yokohama,JP,41.0833,141.25,32.67,82,99,8.99
788709,Leskovac,RS,42.9981,21.9461,35.17,93,90,1.14
6170031,Tuktoyaktuk,CA,69.4541,-133.0374,-20.2,69,75,19.57
5874713,Soo City (historical),US,66.7167,-151.4833,-36.4,78,20,0.81
3665202,Aripuanã,BR,-9.1667,-60.6333,70.34,99,100,1.9
2013865,Ust'-Uda,RU,54.1742,103.0304,-9.56,88,100,3.51
648958,Lapponia,FI,68.0,27.0,-0.4,71,0,4.61
1636308,Manokwari,ID,-0.8667,134.0833,78.17,84,99,7.74
6184824,Wrigley,CA,63.25,-123.498,-20.85,84,100,1.21
5879302,Ambler,US,67.0861,-157.8514,-25.13,76,1,3.44
4890925,Elk Grove Village,US,42.0039,-87.9704,19.36,68,75,9.22
1256598,Sheoganj,IN,25.15,73.0667,56.79,39,0,3.51
1802162,Daxing,CN,22.9692,102.4061,48.56,100,84,1.32
2565267,Mhamid,MA,29.82,-5.72,58.59,29,95,11.95
6078372,Moosonee,CA,51.2793,-80.6345,7.7,85,1,9.22
5993072,Kitimat,CA,54.0524,-128.6534,38.39,93,90,9.22
2293260,Agnibilékrou,CI,7.1344,-3.2047,65.39,29,15,0.72
4493110,Spruce Pine,US,35.9154,-82.0646,22.66,91,0,2.91
3754114,Parque das Laranjeiras,BR,-3.0647,-60.0136,72.45,100,75,2.3
608073,Taskopa,KZ,48.8536,55.5819,-4.16,92,71,1.79
2035399,Songyuan,CN,45.1171,124.8568,14.22,94,100,9.22
8014675,Santa Cruz da Graciosa,PT,39.0776,-28.0169,52.9,80,100,4.92
5522714,Hale Center,US,34.0642,-101.8438,37.04,80,1,10.36
3982837,Sonoita,MX,31.85,-112.8333,46.99,29,0,7.85
2146205,Tarrawingee,AU,-31.4667,141.4833,71.6,49,100,10.36
6454373,Sarralbe,FR,48.9987,7.0292,40.78,71,0,8.05
2020838,Lensk,RU,60.7253,114.9278,-25.78,83,86,3.51
2435014,Bogomia I,TD,7.7962,15.6682,62.35,30,63,2.59
205297,Tambo,CD,-8.3,27.25,67.8,89,100,0.51
2077026,Batchelor,AU,-13.0667,131.0167,77.0,100,100,3.69
108190,Ash Shurayf,SA,25.7071,39.2823,53.37,43,0,9.01
2119283,Zyryanka,RU,65.75,150.85,-36.09,83,15,1.32
3432707,La Eduvigis,AR,-26.8555,-59.0684,69.8,83,0,2.3
2204113,Malsa’a,FJ,-12.4833,177.0667,82.56,79,6,12.08
2157580,Mincha,AU,-36.0167,144.0833,68.0,75,85,5.26
564191,Duminichi,RU,53.9345,35.1099,16.92,97,100,3.94
1515580,Jargalant,MN,45.7095,97.176,30.51,71,1,3.13
2505525,Bechar Province,DZ,30.25,-3.0833,60.69,28,63,11.88
1159301,Zahedan,IR,29.4963,60.8629,62.6,36,75,18.41
7839558,Barcaldine,AU,-23.052,145.4349,75.88,67,0,6.06
2966208,Belmullet,IE,54.225,-9.9908,44.8,78,25,28.99
1491600,Snezhnogorsk,RU,68.0931,87.74,-27.81,84,97,2.06
3877770,Paiguano,CL,-30.0167,-70.5333,60.8,82,90,3.44
1529376,Korla,CN,41.7597,86.1469,39.49,63,100,10.47
5855051,‘Ewa Beach,US,21.3156,-158.0072,71.02,83,75,4.61
1580240,Hue,VN,16.4667,107.6,60.8,94,20,3.44
1488903,Turukhansk,RU,65.8167,87.9833,-35.43,83,98,7.47
1802682,Longchuan,CN,25.1615,101.2942,44.46,91,99,2.01
3405304,Bom Jesus,BR,-9.0744,-44.3586,71.06,94,99,2.24
2175958,Bicheno,AU,-41.8789,148.2886,59.52,92,41,2.21
3923057,Bolivia,BO,-17.0,-65.0,68.9,96,100,1.59
2120591,Tilichiki,RU,60.4667,166.1,-7.85,90,97,10.02
5289863,Cienega Springs,US,34.1886,-114.2247,49.55,32,1,5.75
6977912,Raha Tiga,ID,-4.8271,122.7229,79.23,82,100,7.47
142358,Bābolsar,IR,36.7025,52.6576,44.6,87,75,4.61
2525089,Castelluccio Inferiore,IT,40.0039,15.9809,39.99,99,0,4.63
2129163,Mombetsu,JP,44.3525,143.3525,27.0,73,97,10.0
2028164,Deputatsky,RU,69.3,139.9,-32.19,86,1,1.77
3927158,Torata,PE,-17.0769,-70.8433,56.97,54,100,0.78
2018571,Olyokminsk,RU,60.3736,120.4264,-22.36,85,98,2.46
4158060,Harbour Heights,US,26.9909,-82.0023,52.92,87,1,13.8
4269043,Caney,US,37.0115,-95.9353,40.64,81,90,25.32
3432990,Labardén,AR,-36.9475,-58.1038,50.13,83,0,3.98
4038282,Angaur State,PW,6.906,134.13,78.8,89,90,4.61
5984185,Isachsen,CA,78.7853,-103.5048,-24.47,84,100,16.13
5735237,Klamath,US,42.6665,-121.7508,29.3,86,90,2.24
2361373,Diapaga,BF,12.0708,1.7889,65.75,21,78,8.03
6177250,Wawota,CA,49.9,-102.0343,10.4,85,0,8.05
6943715,Fort Franklin,CA,65.209,-123.3633,-34.6,67,0,3.44
2260668,Bouenza Department,CG,-4.0,14.0,69.96,97,100,1.74
1649881,Batang,ID,-6.4846,110.7083,77.0,88,40,5.75
1496745,Novosibirsk Oblast,RU,55.0,80.0,-6.03,91,100,10.42
2119272,Netten Polar Station,RU,66.9667,171.9167,-21.05,84,0,5.68
2142804,Wyandra,AU,-27.25,145.9833,75.04,47,0,1.23
103331,Qārā,SA,29.8769,40.2269,44.6,70,0,10.36
1281659,Baxkorgan,CN,39.0667,90.0833,29.46,58,93,6.62
1276574,Bela,IN,25.9333,81.9833,56.07,45,0,4.61
2126123,Chokurdakh,RU,70.6333,147.9167,-33.45,83,59,4.79
1163582,Thatta,PK,24.7475,67.9235,63.64,28,0,4.14
505230,Priozersk,RU,61.0393,30.1291,20.26,97,100,14.03
7839505,East Pilbara,AU,-21.6133,123.7137,85.41,54,68,6.82
2498541,El Bayadh Province,DZ,32.5,1.1667,52.56,42,7,14.05
2189506,Island Bay,NZ,-41.3333,174.7833,59.58,82,40,23.02
7371354,Dongke,CN,36.3349,99.6668,21.24,50,36,3.18
1851383,Susami,JP,33.55,135.5,54.9,76,0,11.7
1791440,Wenquan,CN,30.8493,115.6991,49.1,74,0,1.81
1516082,Delgermörön,MN,46.4095,98.2871,10.89,85,0,9.57
1310084,Mawnwe,MM,24.5333,94.55,58.06,62,44,2.68
933117,Sebina,BW,-20.8667,27.25,68.0,94,0,5.75
545467,Konevo,RU,62.1215,39.3192,-20.27,87,51,4.07
1514801,Birata,TM,40.482,62.1586,32.94,84,0,7.18
1504382,Kargasok,RU,59.0556,80.8572,-19.1,86,100,8.55
3878743,Neltume,CL,-39.8441,-71.9392,41.97,75,0,0.13
1494335,Posol,RU,60.0594,62.995,-21.59,88,98,5.3
6179858,Whati,CA,63.1443,-117.2757,-29.2,75,37,2.3
1252668,Ziro,IN,27.6333,93.8333,38.93,93,0,2.62
2410764,Sao Tome Island,ST,0.2,6.65,77.5,78,99,4.92
2513947,Melilla,ES,35.2937,-2.9383,57.06,82,75,9.22
3874958,Puerto Natales,CL,-51.7236,-72.4875,44.04,92,32,2.19
1678228,Keelung,TW,25.1283,121.7419,55.18,94,20,4.61
3460558,Itiquira,BR,-17.0833,-54.9333,74.97,84,21,3.76
1220401,Tagob,TJ,38.8383,68.8985,44.6,100,75,8.95
6062670,Macdiarmid,CA,49.4334,-88.1333,7.7,85,68,8.05
462022,Zubovo,RU,60.318,36.9728,-3.17,92,100,7.14
3996063,Mexico,MX,23.0,-102.0,40.66,67,0,2.04
4352577,Crisfield,US,37.9835,-75.8538,25.05,59,1,6.91
1489126,Tsementnozavodskiy,RU,67.6167,64.1,-32.24,82,97,5.5
2255404,Pool Department,CG,-3.5,15.0,68.41,99,100,1.54
5881544,Ofu,AS,-14.1753,-169.6775,79.68,85,99,18.57
5939424,Dina,CA,52.9335,-110.0849,24.8,63,90,11.5
4163379,Marathon,US,24.7138,-81.0903,69.85,73,40,17.27
2021026,Khaty,RU,63.6256,116.6703,-24.14,86,99,3.4
2073890,Coolgardie,AU,-30.95,121.1667,66.2,55,0,9.22
7839427,Karoonda East Murray,AU,-34.9285,140.0248,59.14,74,1,10.87
3893656,Copiapo,CL,-27.3667,-70.3333,60.8,82,90,4.61
4291056,Elkfork,US,37.9648,-83.1329,18.18,86,1,3.44
1545752,Port Mathurin,MU,-19.6833,63.4167,79.34,79,2,19.66
1280943,Jinta,CN,39.9833,98.8667,33.82,72,42,11.68
6070684,McLeod Lake,CA,54.9832,-123.0364,32.0,93,90,17.27
2181997,Takaka,NZ,-40.85,172.8,55.99,91,0,3.27
779683,Hammerfest,NO,70.6634,23.6821,12.2,62,64,12.66
2355404,Solenzo,BF,12.1833,-4.0833,73.26,16,82,7.45
909887,Luangwa,ZM,-15.6167,30.4167,72.27,87,100,0.98
3862771,Departamento de Capayán,AR,-28.8333,-66.0,69.01,88,0,3.85
3395497,Maracaçumé,BR,-2.0428,-45.9592,72.84,98,100,2.44
2157076,Moonbi,AU,-31.0167,151.0667,58.51,94,0,2.3
3665314,Anori,BR,-8.3333,-67.3333,72.39,97,100,1.21
6940753,Ghayl Ba Wazir,YE,14.8778,49.0245,54.68,93,99,1.99
875996,Moxico Province,AO,-12.8487,20.9327,65.95,91,100,7.94
7839600,Leonora,AU,-28.3942,121.2596,73.81,38,0,13.24
1490686,Sukhoy Log,RU,56.9094,62.0296,-9.69,90,82,5.73
2455456,Kinmparana,ML,12.8402,-4.9199,70.92,18,72,9.15
5992554,Kinistino,CA,52.95,-105.0343,14.0,73,94,11.5
5829425,Kemmerer,US,41.7925,-110.5377,16.77,86,40,12.66
3728474,Cap-Haitien,HT,19.7578,-72.2042,72.27,78,0,6.89
130801,Ilam Province,IR,33.1667,47.0,35.98,83,48,0.38
2764957,Solden,AT,46.9667,11.0,33.96,80,0,2.3
2057031,Mokdale,ID,-10.7333,123.0333,79.18,85,92,9.13
3150002,Kjøpsvik,NO,68.097,16.3742,23.52,63,90,17.27
7839709,Central Darling,AU,-31.7715,143.6257,80.82,34,7,6.89
300808,Silifke,TR,36.3778,33.9344,43.32,60,100,7.31
3173935,Marina di Carrara,IT,44.0384,10.0414,44.76,100,0,2.3
2508807,Adrar,DZ,25.75,-1.0,68.65,21,0,12.71
608359,Shalqar,KZ,47.8333,59.6,5.74,94,90,6.87
319345,Çatak,TR,38.0085,43.065,21.2,86,75,2.3
3369174,Calvinia,ZA,-31.4707,19.776,44.56,94,3,3.8
542965,Krasnokholmskiy,RU,55.9873,55.0466,-10.01,90,99,4.74
7603255,Barh el Gazel Region,TD,14.6667,16.9167,57.33,33,0,12.82
598392,Karmelava,LT,54.9667,24.0667,33.8,93,75,8.05
5864145,Homer,US,59.6425,-151.5483,19.72,68,40,11.5
1512205,Abaza,RU,52.655,90.0928,-0.94,85,20,3.24
5466318,Eddy,US,32.8757,-104.7511,40.41,52,1,3.44
2026023,Bukachacha,RU,52.9833,116.9167,-8.19,88,100,2.64
53707,Mudug,SO,7.0,48.0,65.28,90,77,9.93
2123371,Mayskiy,RU,48.9975,140.2053,9.64,87,87,11.16
2180815,Tuatapere,NZ,-46.1333,167.6833,48.99,94,0,4.0
3520989,Puerto Madero,MX,14.7208,-92.4215,75.74,74,0,8.55
2220082,Al Fuqaha',LY,27.8337,16.3849,51.03,45,70,5.55
2434985,Bokoro,TD,12.3807,17.0568,60.67,28,4,9.98
6093114,Old Crow,CA,67.5712,-139.8342,-47.2,66,20,1.28
2031799,East Aimak,MN,48.0,115.0,14.14,95,100,12.86
1262574,Mūl,IN,20.0667,79.6667,64.58,51,100,4.54
2056029,Entuziastov,RU,70.8644,134.6397,-36.17,82,0,1.83
1040652,Maputo,MZ,-25.9653,32.5892,77.0,88,20,5.75
168887,Judaydat Khābūr,SY,35.8167,39.4667,37.67,70,0,6.38
7839408,Roper Gulf,AU,-15.3056,134.9736,76.28,92,100,9.24
6140815,Sandy Lake,CA,56.9835,-107.2846,16.45,97,100,7.05
159242,Ikwiriri,TZ,-7.9562,38.9716,72.91,98,78,2.82
4031110,Fale old settlement,TK,-9.3852,-171.2468,82.08,73,100,17.78
122289,Neyrīz,IR,29.1988,54.3278,48.2,81,40,2.04
159067,Iringa,TZ,-9.0,35.0,59.22,98,100,2.19
2066901,Marree,AU,-29.65,138.0667,84.0,41,47,17.0
3572005,Long Island,BS,23.2167,-75.1117,76.5,76,0,18.97
1325443,Hakha,MM,22.65,93.6167,52.3,52,100,1.79
5835069,Pine Bluffs,US,41.1819,-104.0691,21.79,86,1,10.36
5849164,Kekaha,US,21.9683,-159.7132,70.39,83,1,4.61
6139393,Salluit,CA,62.2006,-75.6323,-0.62,90,99,19.8
495922,Shal'skiy,RU,61.797,36.0168,-2.2,90,100,10.49
2015306,Tiksi,RU,71.6872,128.8694,-29.25,85,34,1.81
343143,Āwarē,ET,8.2561,44.1567,59.2,83,33,13.98
5079617,Springview,US,42.8244,-99.749,27.36,93,75,14.97
3380993,Maripa-Village,GF,3.6333,-54.05,69.58,97,95,1.7
7645723,Satawal,FM,7.382,147.0322,82.29,77,86,19.89
5992650,Kinosis,CA,56.3335,-110.9685,32.0,74,100,21.85
586971,Bilgeh,AZ,40.5681,50.0378,37.4,87,90,13.8
6171824,Umiujaq,CA,56.5554,-76.5522,1.49,94,99,14.52
288789,Barkā’,OM,23.7074,57.8891,66.2,82,20,4.03
4015471,Carácuaro,MX,19.0106,-101.1264,63.05,40,0,2.86
3373168,Vila do Corvo,PT,39.6667,-31.1333,55.4,94,75,16.11
553609,Kamenka,RU,65.8876,44.1126,-29.56,84,17,4.72
656711,Ilomantsi,FI,62.8333,31.0,8.01,86,100,7.0
146961,Yardımlı,AZ,38.9206,48.2372,35.6,100,90,10.36
2122262,Palana,RU,59.1167,159.9667,2.52,94,100,10.89
2483761,Reggane,DZ,26.7158,0.1714,67.33,23,0,9.06
2143437,Windellama,AU,-35.022,149.8728,60.4,100,88,5.75
3691324,Tocache,PE,-8.1842,-76.5125,67.86,89,13,0.25
1802431,Longsheng,CN,25.7936,110.0092,55.4,88,90,3.06
3699427,Barranca,PE,-4.8333,-76.7,72.32,87,56,2.21
2417834,Mamou,GN,10.15,-11.95,73.69,77,90,0.85
96205,Halabja,IQ,35.1778,45.9861,40.64,84,63,4.27
2120047,Ust'-Omchug,RU,61.15,149.6333,-15.18,81,100,6.62
3371199,Erongo,NA,-22.0833,15.3333,64.98,51,56,6.31
1279094,Akot,IN,21.0964,77.0586,66.88,30,93,3.6
2478217,Tamanrasset Province,DZ,23.75,4.6667,51.94,38,0,3.62
101760,Sulţānah,SA,24.4926,39.5857,55.4,26,0,3.44
219057,Beni,CD,0.5,29.4667,61.36,88,93,1.21
2446796,Bilma,NE,18.6853,12.9164,57.65,32,73,4.9
3386495,Teresinha,BR,0.9667,-52.0333,69.96,98,100,1.95
1668352,Tainan,TW,23.0,120.1888,55.45,81,40,1.61
5955887,Fort Liard,CA,60.2334,-123.4698,-8.45,88,100,8.93
3853786,Ingeniero Jacobacci,AR,-41.3427,-69.5448,49.3,49,2,8.34
5432024,Mount Pearl,US,38.9625,-102.7894,26.6,80,1,21.85
3601402,Savannah Bight,HN,16.45,-85.85,75.67,86,73,22.75
3394892,Miguel Alves,BR,-4.1656,-42.8953,71.33,97,55,1.19
1802750,Lizhai,CN,29.0084,117.9189,52.12,61,0,3.22
5731397,Hines,US,43.564,-119.081,21.61,86,90,6.53
610743,Aqqystau,KZ,47.2333,51.0,14.0,85,68,6.71
1714769,Dinalongan,PH,16.1404,121.9573,66.47,72,99,8.39
3336899,Aragon,ES,41.0,-1.0,45.86,100,75,14.97
3349234,Kwanza Sul Province,AO,-10.827,15.032,60.58,94,100,0.31
6087172,Nestor Falls,CA,49.1167,-93.9337,9.57,85,98,6.91
7839397,Torres,AU,-10.7038,142.1796,78.8,94,75,5.48
3849980,La Maruja,AR,-35.6736,-64.94,59.9,58,0,6.85
1000543,Graaff-Reinet,ZA,-32.2522,24.5308,61.0,75,96,1.01
4017700,Baja California,MX,30.0,-115.0,53.89,35,0,31.38
608879,Mangistauskaya Oblast’,KZ,44.0,54.0,22.96,92,0,7.96
1035025,Nacala,MZ,-14.5428,40.6728,76.71,86,100,3.11
710007,Dmytrivka,UA,47.9361,38.9366,24.6,86,68,7.49
2236053,Abong Mbang,CM,3.9833,13.1833,62.49,65,38,2.3
2146661,Tibooburra,AU,-29.4333,142.0167,82.29,29,0,7.36
8030545,Crooked Island and Long Cay District,BS,22.7336,-74.2153,76.59,73,4,17.85
143052,Ardestān,IR,33.3761,52.3694,39.92,61,0,1.54
2123979,Kuril'sk,RU,45.2333,147.8833,23.31,95,98,19.98
2742994,Alvares,PT,40.0171,-8.0993,45.03,94,100,4.88
2593112,Extremadura,ES,39.0,-6.0,48.99,89,100,10.0
4013688,Cloete,MX,27.9167,-101.1667,45.19,83,0,4.5
113659,Tabas,IR,33.5959,56.9244,49.77,43,0,4.5
2667876,Torsby,SE,60.1353,13.0082,37.4,100,90,6.91
1895695,Kushima,JP,31.4583,131.2333,46.18,100,20,2.3
4634931,Knox,US,36.0168,-83.9332,25.79,100,1,3.09
2314300,Kinshasa City,CD,-4.5,15.5,76.15,88,75,1.07
2159441,Lower Tully,AU,-18.0,146.0167,73.06,94,100,1.83
2565056,Punta Umbria,ES,37.1821,-6.9661,51.01,81,100,11.01
2185172,Owaka,NZ,-46.45,169.6667,52.0,92,6,3.0
1529001,Yuli,CN,41.3306,86.2578,38.17,68,18,2.59
5040822,Park Rapids,US,46.9222,-95.0586,19.04,93,90,6.91
1500962,Kyzyl-Khaya,RU,50.0499,89.8782,1.6,73,10,5.97
2125742,Enken,RU,57.7667,140.2,1.51,81,100,7.58
2255329,Sangha Department,CG,1.3333,15.5,69.22,75,51,1.54
1511646,Andra,RU,62.5147,65.8878,-22.0,86,100,7.36
331038,Mendī,ET,9.8,35.1,53.91,41,19,0.98
2120245,Ugol'nyye Kopi,RU,64.7333,177.7,-31.0,68,0,6.71
2457163,Gao,ML,16.2717,-0.0447,64.69,22,2,8.7
2449067,Timbuktu,ML,16.7735,-3.0074,67.98,20,0,8.95
1850822,Taketomi,JP,24.3307,124.0851,57.2,77,40,3.44
5878818,Adak,US,51.88,-176.6581,33.8,93,75,13.8
4054566,Centreville,US,32.9446,-87.1386,32.67,48,1,8.05
1655842,Laos,LA,18.0,105.0,50.83,85,40,3.04
3148569,Laerdal,NO,61.098,7.4816,35.33,84,100,5.01
2663077,Vikarbyn,SE,60.9167,15.0167,35.06,100,100,1.14
1153427,Fang,TH,19.9169,99.2145,64.09,100,23,2.3
1796339,Shancheng,CN,36.9568,107.0266,41.88,47,56,16.87
5872126,Prudhoe Bay,US,70.2553,-148.3372,-16.6,83,75,23.02
577922,Belomorsk,RU,64.5232,34.7668,-13.11,90,91,7.38
1540356,Raduzhny,RU,62.0961,77.475,-14.12,89,100,8.3
2120059,Ust'-Kamchatsk,RU,56.2367,162.5189,12.15,91,97,11.16
886843,Mashonaland Central Province,ZW,-17.0,31.0,61.45,92,89,2.77
3399445,Forquilha,BR,-3.7983,-40.2606,73.08,94,94,2.86
8020335,Sindangsari,ID,-7.7983,108.2354,76.93,80,86,5.57
225282,Ali Sabieh Region,DJ,11.25,43.0,69.19,87,54,5.73
2126785,Belaya Gora,RU,68.5333,146.4167,-36.6,82,70,3.15
3412888,Stykkisholmur,IS,65.0757,-22.7297,33.48,92,100,7.72
1856586,Mori,JP,34.8333,137.9333,50.0,73,0,3.0
1786676,Yima,CN,34.7381,111.8839,55.99,99,0,9.19
876337,Cuando Cobango Province,AO,-15.9476,19.3832,64.65,93,100,9.06
2416085,Sangarédi,GN,11.1,-13.7667,66.13,77,0,0.4
3021716,Darney,FR,48.0866,6.0492,43.47,71,0,13.8
1280679,Luring,CN,32.2667,84.2,18.86,55,0,5.86
1066702,Besalampy,MG,-16.75,44.4833,74.77,94,100,6.69
355449,Esna,EG,25.2934,32.554,46.4,66,0,3.44
6912297,Sikoroni,ML,13.0211,-9.277,71.89,22,0,4.63
1516589,Dzhezkazgan,KZ,47.7833,67.7667,5.0,78,75,2.24
3345497,Uacu Cungo,AO,-11.3634,15.1208,60.39,96,100,1.66
5518239,Canyon,US,34.9803,-101.9188,33.69,86,1,15.64
2025256,Chumikan,RU,54.7183,135.315,-4.49,84,90,10.49
3623602,Guácimo,CR,8.9484,-83.1096,69.4,72,10,3.42
324698,Akhisar,TR,38.9185,27.8401,35.01,74,99,6.6
893172,Chivhu,ZW,-19.0211,30.8922,64.71,83,100,3.09
2182010,Tairua,NZ,-37.0167,175.85,66.99,90,0,1.01
400745,North Eastern Province,KE,1.0,40.25,72.9,84,100,8.41
5989520,Kashechewan,CA,52.3,-81.6166,7.54,95,2,14.94
4691572,Flour Bluff,US,27.6739,-97.2789,55.51,82,1,6.91
524299,Murmashi,RU,68.8154,32.8115,-31.0,75,0,4.47
5490223,Santa Clara,US,32.7795,-108.1503,31.5,43,1,13.8
2091993,Madang Province,PG,-5.0,145.5,67.82,98,100,1.21
1502073,Krasnosel'kup,RU,65.7,82.4667,-39.05,81,82,5.82
3403687,Camocim,BR,-2.9022,-40.8411,75.06,92,70,8.97
3159107,Dombås,NO,62.0696,9.1235,37.69,83,100,12.53
1500816,Lebed',RU,62.0944,89.1864,-31.83,82,75,2.91
87205,Darnah,LY,32.767,22.6367,53.04,72,6,7.09
1811722,Enle,CN,23.9605,101.0826,49.5,94,96,1.99
6095788,Oxford House,CA,54.9485,-95.266,20.32,97,93,9.22
3662489,Santa Isabel Rio Negro,BR,-0.4139,-65.0192,72.48,98,81,0.72
6063363,Mackies,CA,48.2334,-90.0669,14.23,79,75,8.05
1219651,Lebap,TM,39.0,63.0,28.4,93,0,6.91
1283245,Karnālī Zone,NP,29.5,82.4167,13.5,68,0,6.71
1581047,Ha Tinh,VN,18.3333,105.9,59.7,90,18,2.04
2562816,Kerċem,MT,36.0419,14.2267,52.54,93,75,6.91
6100761,Pelly Crossing,CA,62.8303,-136.5813,-8.59,87,100,1.83
3625515,Valle de La Pascua,VE,9.2155,-66.0073,70.14,84,46,7.34
933491,Mabuli,BW,-25.7833,24.6,65.71,66,34,1.57
499539,Sadovoy,RU,45.0247,38.0156,23.0,80,96,8.95
4036024,Nasaqalau,FJ,-18.1833,-178.8,79.02,84,96,20.76
609537,Qaraton,KZ,46.4353,53.4864,15.53,96,16,10.49
2415702,Siguiri,GN,11.6667,-9.5,75.33,20,34,2.53
3738301,El Tarra,CO,8.5756,-73.0949,70.23,81,56,1.07
1493423,Russkaya Polyana,RU,53.7794,73.8806,0.12,92,99,13.6
3672512,Peque,CO,7.0212,-75.9093,62.51,78,30,1.66
3461525,Ibotirama,BR,-12.1853,-43.2206,69.08,92,95,1.34
3452490,Poxoréo,BR,-15.8372,-54.3892,72.0,100,73,2.77
124193,Meybod,IR,32.2501,54.0166,39.2,35,20,2.3
3453025,Ponto Novo,BR,-10.8628,-40.1336,68.43,89,100,3.29
3388847,São Félix do Xingu,BR,-6.6447,-51.995,70.74,96,100,1.05
3170853,Pie' del Sasso,IT,42.9943,12.9989,38.34,100,0,3.44
361323,Faiyum Governorate,EG,29.3,30.5,47.5,66,0,6.38
3456642,Mozarlândia,BR,-14.7447,-50.5706,72.09,98,100,3.47
839750,Dederkoy,RU,44.055,39.1306,39.49,73,62,8.14
3337386,Vastra Gotaland County,SE,58.0,13.0,37.99,100,100,9.22
3397843,Rio Ivaí,BR,-1.3667,-52.1667,72.1,93,91,2.62
2651589,Daliburgh,GB,57.1667,-7.4,46.02,81,40,29.93
2597449,Kidal,ML,19.9167,1.0833,63.99,22,0,11.21
3671346,Puerto Yuca,CO,2.9383,-73.2083,75.04,62,93,2.66
3199525,Gromiljak,BA,43.9667,18.0531,30.2,100,0,2.3
5062292,Valley City,US,46.9233,-98.0032,16.25,100,1,9.22
336350,Goba,ET,7.0167,39.9833,51.6,86,100,2.19
7306515,Airok,MH,7.2772,168.8203,80.1,80,34,22.1
2079192,Green Head,AU,-30.0717,114.9672,69.96,59,0,11.18
5043181,Richards,US,46.8361,-95.9123,20.97,86,90,6.91
212360,Kongolo,CD,-5.3833,27.0,67.24,95,100,2.26
1835515,T’aebaek,KR,37.1759,128.9889,35.17,83,86,6.69
3686431,Departamento del Chocó,CO,6.0,-77.0,71.13,93,98,1.68
1268469,Kālānwāli,IN,29.85,74.95,53.64,39,0,2.19
494884,Shenkursk,RU,62.1091,42.896,-27.24,86,12,2.15
76699,Burum,YE,14.3636,48.9797,70.12,72,100,5.68
2650589,Dymchurch,GB,51.0254,0.9939,49.33,87,99,14.97
2162976,Hughenden,AU,-20.85,144.2,71.6,83,63,3.56
3731287,Taquari,BR,-9.8736,-67.9103,71.6,94,75,1.45
7306524,Lib,MH,8.3122,167.3766,80.6,78,40,20.71
2306774,San Antonio de Pale,GQ,-1.4014,5.6325,81.95,72,99,7.81
2031601,Dzogsool,MN,46.8,107.15,15.28,92,36,12.01
2091495,Manus Province,PG,-2.0,147.0,80.08,80,27,5.82
5869635,Napaimute (historical),US,59.4333,-154.8667,1.09,92,90,6.91
8030552,North Andros District,BS,24.7669,-78.0961,70.47,78,83,23.33
7536143,Saga,CN,29.3237,85.226,19.44,55,0,0.2
1337284,Lhuntse District,BT,27.75,91.1833,29.71,71,0,4.09
3648698,Bachaquero,VE,9.9694,-71.1494,76.08,71,58,5.1
6930874,Shikotan,RU,43.7999,146.7214,29.28,92,45,24.67
1796480,Shaanxi,CN,36.0,109.0,42.04,47,34,8.52
2475612,Tolga,DZ,34.7222,5.3785,48.2,37,0,5.75
5877208,Unalaska,US,53.8736,-166.5367,34.14,80,90,4.61
1278103,Awantipur,IN,33.9167,75.0167,37.92,73,100,1.41
7535696,Spitsbergen,SJ,78.0529,17.71,26.6,68,75,12.66
3904793,Santa Rosa,BO,-14.1667,-66.8833,75.2,94,40,2.51
1914024,Longlou,CN,19.6563,110.9646,57.2,100,1,2.24
2097418,Finschhafen,PG,-6.6024,147.8681,80.1,77,100,2.44
1081530,Ambodifotatra,MG,-16.9833,49.85,81.09,78,49,2.1
5116680,Essex,US,44.1001,-73.8163,6.57,78,1,3.89
3648789,Municipio Autonomo Atures,VE,5.6925,-67.3462,75.72,70,100,1.97
2167799,Eden,AU,-37.0667,149.9,66.33,100,90,5.19
2312249,Mushie,CD,-3.0167,16.9,71.06,89,100,2.33
6971554,Zhengkeng,CN,27.9922,119.7976,41.77,67,0,2.13
2539875,Oulad Al Haj,MA,31.9303,-4.4027,48.2,31,81,3.44
1512348,Yangirabot,UZ,40.0254,65.961,37.4,87,18,6.91
1672228,Magong,TW,23.5654,119.5863,64.38,52,31,3.74
2317277,Bas-Congo Province,CD,-5.5,14.5,69.98,95,99,1.74
5637146,Anaconda,US,46.1285,-112.9423,21.2,68,90,6.91
7267904,Saint Thomas Island,VI,18.3271,-64.9694,74.34,83,20,4.61
2700801,Kiruna Kommun,SE,68.1667,19.5,-4.0,77,90,1.14
4017728,Bahía de Kino,MX,28.8333,-111.9333,59.94,46,93,12.12
2098948,Bueri,PG,-2.6597,152.0103,83.7,75,34,11.03
4034948,Utuloa,WS,-13.5081,-172.635,79.63,85,100,20.4
2170658,Cooktown,AU,-15.4667,145.25,77.0,91,81,8.93
6087210,Netla,CA,60.9502,-123.2698,-9.4,84,100,1.14
3446579,Terra Roxa,BR,-23.8557,-50.0314,60.19,97,0,5.46
64538,Bay,SO,3.0,43.5,65.43,86,100,13.78
6185024,Wyoming,CA,42.9501,-82.1165,0.1,85,1,3.44
4032420,Neiafu,TO,-18.65,-173.9833,78.8,78,75,10.36
562245,Gadzhiyevo,RU,69.2551,33.3362,-31.0,75,0,4.47
1276509,Bellary,IN,15.15,76.9333,67.46,85,99,4.81
2704114,Husum,SE,63.3333,19.1667,19.4,100,90,8.05
2018436,Onokhoy,RU,51.932,108.0747,5.0,51,40,17.9
2157641,Millmerran,AU,-27.8667,151.2667,64.4,94,75,1.72
71005,Sayhut,YE,15.2106,51.2456,66.69,61,48,6.46
1214204,Pematangsiantar,ID,2.9595,99.0687,69.98,84,74,1.72
2173910,Broken Hill Municipality,AU,-31.95,141.4333,71.6,49,92,10.36
2298528,Kwesimintsim,GH,4.9145,-1.7876,77.9,85,11,3.24
486645,Sukhobezvodnoye,RU,57.0491,44.8891,-17.68,89,42,2.17
606350,Byske,SE,64.9526,21.2058,9.28,85,90,8.05
3414079,Olafsvik,IS,64.8945,-23.7142,36.5,83,100,16.84
1304138,Ninglum,MM,25.2167,97.2333,57.96,97,94,2.33
3315550,Emlagh,IE,53.5542,-10.1344,44.65,84,76,24.0
2078024,Adelaide River,AU,-13.2379,131.1056,75.29,96,100,3.62
5866726,Kotzebue,US,66.8983,-162.5967,-20.72,83,1,4.72
5863850,Healy,US,63.8569,-148.9661,-25.6,83,20,0.78
