city id,city,country,lat,lon,temp_sunset,hum_sunset,cloudiness_sunset,windiness_sunset
1493756,Razdolinsk,RU,58.4211,94.6658,-16.29,89,100,2.01
2523116,Siculiana,IT,37.3344,13.4216,52.21,88,1,1.99
1489423,Tomskaya,RU,58.7844,64.1901,-15.52,88,99,4.56
5976257,Holman,CA,70.7342,-117.7546,-15.21,89,100,11.21
5865670,Kaktovik,US,70.1319,-143.6239,-9.4,84,90,31.07
6142001,Schefferville,CA,54.8002,-66.8318,8.6,66,1,17.27
1023656,Adelaide,ZA,-32.7075,26.2956,63.37,63,75,14.0
3575660,Pointe Michel,DM,15.25,-61.3833,78.03,65,75,8.05
1485020,Znamenskoye,RU,57.1281,73.8282,1.9,93,100,6.93
3468453,Cachoeira Alta,BR,-18.7633,-50.9417,78.96,56,31,3.31
5939211,Didyme,CA,48.9,-72.6656,17.53,67,99,3.44
1154677,Ban Tak,TH,17.0432,99.0813,89.6,29,96,3.44
3881895,Los Loros,CL,-27.8333,-70.1,74.62,34,0,5.91
5983577,Inukjuak,CA,58.4547,-78.1014,10.4,85,90,28.77
1264409,Mahbūbābād,IN,17.6167,80.0167,78.51,38,100,2.84
3436101,Partido de Arrecifes,AR,-34.0,-60.0,81.7,64,0,4.0
2032597,Bayan,MN,47.1667,110.8167,4.48,86,41,8.32
3420937,Qaarsut,GL,70.7333,-52.65,3.94,79,0,1.21
3859279,Doctor Rogelio Cortizo,AR,-40.7333,-65.0333,83.34,15,17,22.59
1638735,Laiwui,ID,-1.3518,127.6693,81.81,78,61,9.31
1640118,Ketapang Kecil,ID,-1.8333,109.9667,80.92,80,70,12.46
1083968,Ambalavao,MG,-21.8333,46.9333,74.3,84,13,4.41
1281437,Da Juh,CN,36.6,94.1,33.87,55,100,0.51
471308,Voyvozh,RU,62.892,54.9635,-29.6,85,100,6.11
2192521,Castlepoint,NZ,-40.9,176.2167,64.99,75,24,1.99
2014694,Tyrma,RU,50.0833,132.1667,3.78,92,89,2.86
1528249,Jalal-Abad,KG,40.9333,73.0,35.91,87,75,4.47
1905678,Tinh Ca Mau,VN,9.0833,105.0833,78.12,65,30,5.82
2208425,Zuwārah,LY,32.9312,12.082,64.74,44,41,13.35
3389353,Santarem,BR,-2.4431,-54.7083,78.8,83,20,4.61
1024701,Macia,MZ,-25.0269,33.0989,78.75,87,100,9.28
3923172,El Beni,BO,-14.0,-65.5,82.4,78,75,4.29
7902696,Novyye Plity,RU,54.4933,99.0021,-1.91,89,91,1.61
1525988,Ayagoz,KZ,47.9714,80.4392,18.16,97,99,9.62
6092200,Obed,CA,53.5501,-117.2356,44.6,39,100,16.11
1488950,Turan,RU,52.1453,93.9192,3.61,88,40,1.16
3291507,Moanflugh,IE,51.9678,-8.9825,45.3,87,40,6.91
2034292,Uliastai,CN,45.55,116.8333,11.17,92,54,11.9
5891871,Baker Lake,CA,64.3201,-96.0212,-13.0,70,90,16.11
6170056,Tulita,CA,64.9308,-125.5003,-21.46,85,100,1.86
5930953,Coutts,CA,49.002,-111.963,35.92,75,100,46.04
2065594,Mount Isa,AU,-20.7333,139.5,89.6,40,51,8.05
6185811,Yukon Territory,CA,62.9996,-135.004,-1.98,90,100,3.33
1638133,Leksula,ID,-3.7802,126.5171,82.38,71,80,8.86
1280485,Nangxian,CN,29.05,93.2,29.98,87,11,7.29
1688666,San Rafael,PH,13.0942,122.96,76.75,89,100,21.14
2328925,Niger State,NG,10.0,6.0,91.4,19,64,3.44
2141722,Bouloupari,NC,-21.8667,166.05,83.84,74,75,3.44
2654970,Brae,GB,60.3964,-1.353,44.6,87,0,19.57
4032243,Vaini,TO,-21.2,-175.2,78.8,73,20,10.36
1507390,Dikson,RU,73.5069,80.5464,-5.93,92,100,3.71
4199928,Helena,US,32.0738,-82.9146,58.1,58,75,9.22
7648112,Colonia,FM,9.5164,138.1217,82.4,78,40,8.05
7073137,Muzhijie,CN,33.9622,112.1652,67.46,21,0,5.7
3691954,Sechura,PE,-5.5569,-80.8222,76.86,62,93,17.49
1793724,Tai’an,CN,36.1853,117.12,65.61,30,93,2.51
5861202,Eagle Village,US,64.7806,-141.1136,-14.8,64,1,2.64
631780,Vieremä,FI,63.8384,26.997,5.0,78,0,14.97
1580541,Hoi An,VN,15.8794,108.335,73.4,73,20,4.61
5847387,Kahuku,US,21.6803,-157.9511,74.21,83,90,3.44
533964,Loukhi,RU,66.0764,33.0381,-16.87,89,100,6.46
7645768,Sorol,FM,8.1435,140.394,82.45,79,100,19.28
2152721,Pooncarie,AU,-33.3833,142.5667,88.23,27,5,16.71
1569805,Tinh Phu Yen,VN,13.1667,109.1667,64.35,89,17,6.64
7670994,Kayangel,PW,8.0823,134.7173,81.86,78,73,11.48
3924826,Rondônia,BR,-10.8667,-61.95,72.46,97,87,2.26
503254,Radishchevo,RU,52.85,47.8833,0.05,92,100,4.83
382250,Sabun,SS,4.5361,29.2578,87.26,18,68,3.69
3446232,Tramandaí,BR,-29.9847,-50.1336,75.99,75,0,12.19
1507636,Chunskiy,RU,56.0815,99.6342,-6.9,89,100,1.5
1129678,Qarah Bāgh,AF,34.9402,61.7759,41.97,66,100,12.68
2380519,Chingueṭṭi,MR,20.4404,-12.2622,73.13,18,0,9.69
1254133,Tuensang,IN,26.2833,94.8333,60.64,61,1,1.32
506528,Popov,RU,48.1818,42.8533,31.03,96,100,12.66
7839404,Katherine,AU,-14.6501,132.1741,78.8,100,90,1.14
370247,Medingbor,SS,6.4598,29.3997,89.53,14,9,3.22
2126682,Bilibino,RU,68.0546,166.4372,-24.81,74,7,1.79
98862,An Najaf,IQ,31.25,43.8333,59.05,36,0,10.25
6161366,Taloyoak,CA,69.5372,-93.5211,-27.4,68,75,9.22
2027748,Amur Oblast,RU,54.0,128.0,-12.87,89,75,2.28
1182998,Bela,PK,26.2271,66.3111,82.27,15,0,8.34
2524459,Lampedusa,IT,35.5,12.6,59.0,100,19,18.41
1529195,Shihezi,CN,44.3,86.0333,30.06,98,99,4.65
1270351,Haridwar,IN,29.9667,78.1667,69.8,64,20,3.44
2199295,Northern,FJ,-16.5,179.5,73.53,95,83,4.27
2259947,Gamboma,CG,-1.8764,15.8644,85.33,50,94,3.62
110831,Āzādshahr,IR,37.087,55.174,48.2,76,90,4.61
1492810,Seliyarovo,RU,61.2906,70.3425,-10.21,89,100,4.47
5861836,Eureka Roadhouse,US,61.9386,-147.1681,-5.28,90,63,0.72
3422891,Ittoqqortoormiit,GL,70.4846,-21.9622,25.45,96,98,13.29
2344415,Duku,NG,11.2361,4.9073,84.25,13,23,7.11
2080422,Jabor,MH,5.921,169.6434,81.97,75,100,22.1
1629652,Riau,ID,0.5005,101.749,84.2,65,20,2.59
355005,Al Jubayl,EG,28.1984,33.6314,62.13,55,0,26.46
1267772,Karhal,IN,27.0003,78.9414,70.86,23,0,3.11
5653884,Gateway (historical),US,48.9991,-115.1732,37.54,79,100,6.15
1337606,Eydhafushi,MV,5.1033,73.0708,82.8,70,100,9.89
88319,Benghazi,LY,32.1167,20.0667,59.11,64,0,18.03
5543199,Millard,US,39.1255,-113.1252,37.15,32,1,6.91
1214488,Meulaboh,ID,4.1363,96.1285,81.48,76,77,1.16
3630473,Pedregal,VE,11.0204,-70.1206,79.9,57,44,16.64
117656,Salmās,IR,38.1973,44.7653,30.2,86,75,6.91
1789053,Xingao,CN,39.0261,112.9616,55.53,35,0,6.87
2270408,Calheta,PT,32.7167,-17.1833,56.21,72,40,3.44
2250677,Kayar,SN,14.9192,-17.1211,71.6,46,0,19.57
779350,Karasjok,NO,69.4719,25.5112,5.0,66,40,33.38
288602,Camp,OM,20.6667,58.8833,75.2,73,0,8.1
2476403,Timimoun,DZ,29.2639,0.231,82.4,14,99,17.27
2023584,Imeni Poliny Osipenko,RU,52.4201,136.4853,7.14,93,100,3.42
1219899,Amansha,TM,37.6333,61.9,51.8,35,0,6.91
2038665,Alihe,CN,50.5667,123.7167,9.75,94,100,1.59
1279982,Sima,CN,31.9833,91.0833,28.76,58,99,11.43
192950,Kenya,KE,1.0,38.0,84.45,46,36,10.47
3855715,Eugenio Bustos,AR,-33.7773,-69.0704,81.19,28,0,10.8
1505991,Igarka,RU,67.4667,86.5833,-36.09,81,74,5.97
1813419,Datuo,CN,28.05,112.95,73.4,53,0,6.71
5877395,Valdez-Cordova Census Area,US,61.5006,-144.5006,5.58,94,100,3.36
2280761,Tiassalé,CI,5.8983,-4.8283,82.02,53,12,3.13
3938526,Ica,PE,-14.3325,-75.4997,73.89,50,37,10.58
1114929,Bukhara,UZ,40.0,64.0,46.4,66,40,4.61
2027316,Ayan,RU,56.45,138.1667,0.93,84,95,7.02
2122894,Nevel'sk,RU,46.6733,141.8633,23.0,63,20,11.18
527299,Mezhdurechensk,RU,63.2456,48.5533,-23.31,85,41,5.01
286245,Sur,OM,22.5667,59.5289,73.6,62,0,4.29
933366,Maun,BW,-19.9833,23.4167,75.2,100,20,4.61
1623197,Tual,ID,-5.6667,132.75,83.05,80,11,19.73
2356982,Province de l’Oudalan,BF,14.6667,-0.3333,81.32,13,0,10.04
691497,Tlumach,UA,48.864,25.0033,37.2,70,0,1.88
2729907,Longyearbyen,SJ,78.2186,15.6401,24.8,68,40,19.57
1794831,Shizikou,CN,29.9872,112.013,72.0,57,94,5.59
1498087,Nadym,RU,65.5333,72.5167,-28.21,84,90,8.9
8054118,Mositai,CN,45.5363,119.6697,12.85,92,80,17.87
319487,Çandarlı,TR,38.935,26.934,50.0,58,0,3.44
2490138,Marhoum,DZ,34.4468,-0.1947,48.87,64,99,18.77
3141682,Rjukan,NO,59.8789,8.5941,36.68,1,100,7.0
1490918,Staryy Nadym,RU,65.6118,72.6842,-28.48,84,82,8.72
1529595,Beishanyanchi,CN,44.7667,91.2333,32.49,86,26,2.3
5947462,Eldorado,CA,59.5505,-108.5016,17.6,79,100,5.1
3858677,El Calafate,AR,-50.3408,-72.2768,51.64,64,87,11.5
2012530,Zhigansk,RU,66.7697,123.3711,-27.04,84,100,4.61
576093,Blagoyevo,RU,63.3667,47.9167,-22.52,85,37,5.32
3122806,Establés,ES,41.0077,-2.0244,49.44,100,90,18.41
3874982,Puerto Cisnes,CL,-44.75,-72.7,50.45,81,88,5.61
2258534,Lekoumou Department,CG,-3.0,13.5,75.16,92,100,3.62
5969475,Hall Beach,CA,68.7913,-81.236,-9.4,84,40,10.36
1861661,Imazu,JP,36.1667,133.3167,58.95,72,0,23.62
8018194,Putrajawa,ID,-7.0054,108.0109,73.62,89,99,1.74
2147554,Tallimba,AU,-34.0,146.8833,82.35,43,25,15.5
4968996,Knox,US,43.8501,-69.3328,31.23,37,1,3.44
4881551,West Union,US,42.9628,-91.8082,25.45,100,40,5.75
7582820,Linha Floresta,BR,-25.1131,-53.8626,77.0,69,40,9.22
5984875,Ivujivik,CA,62.4174,-77.9159,13.08,95,99,21.54
5848652,Kaunakakai,US,21.0933,-157.0239,73.81,60,1,6.91
380173,Ed Damer,SD,17.5928,33.9592,74.16,19,0,10.56
1279812,Wangda,CN,29.6833,97.9,30.15,53,0,6.85
5131073,Phelps,US,42.9576,-77.0575,27.36,54,1,4.61
3792383,Agustin Codazzi,CO,10.0341,-73.2361,84.25,47,41,5.17
5577158,Fort Morgan,US,40.2503,-103.8,35.02,44,1,3.44
1785694,Yunnan Province,CN,25.0,102.0,60.62,54,54,7.81
2334018,Konkwesso,NG,10.8469,4.0984,84.06,13,34,5.95
3422887,Ittorisseq,GL,70.45,-22.45,27.27,96,100,18.84
3395042,Mazagão,BR,-0.115,-51.2894,78.8,94,75,4.61
203717,Yangambi,CD,0.8102,24.4336,80.98,52,76,2.01
2082282,State of Chuuk,FM,7.454,151.805,84.2,70,90,9.22
1267939,Kapadvanj,IN,23.0167,73.0667,86.0,23,0,3.44
3418910,Upernavik,GL,72.7868,-56.1549,-19.77,88,100,14.32
2029558,Ovoot,MN,45.3042,113.8498,10.22,93,82,10.67
5836068,Rawlins,US,41.7911,-107.2387,23.0,68,90,29.93
2210554,Sirte,LY,31.2089,16.5887,60.84,60,53,14.07
5866302,Kinegnak (historical),US,58.65,-162.2,-0.09,85,75,19.57
2307145,Nsok,GQ,1.1299,11.266,72.48,90,96,4.59
2309528,Luba,GQ,3.4568,8.5547,82.4,74,20,9.22
5359595,Inverness,US,38.101,-122.8569,54.55,58,1,8.16
5846871,Gustavus,US,58.4133,-135.7369,36.88,75,40,10.36
226853,Paidha,UG,2.4167,30.9855,77.09,33,97,2.8
3671348,Puerto Rico,CO,1.9142,-75.145,80.89,64,94,3.89
5840786,Teton,US,43.9166,-110.5841,23.92,74,90,13.8
481548,Troitsko-Pechorsk,RU,62.7084,56.1964,-27.45,84,100,6.71
1489853,Tazovsky,RU,67.4667,78.7,-36.06,82,34,3.53
7602866,Borkou Region,TD,18.25,18.5,72.36,19,75,10.38
352603,Matruh Governorate,EG,29.7,27.5,64.42,30,0,3.96
2076017,Borroloola,AU,-16.0667,136.2833,85.39,68,63,12.93
3363441,Ocean View,ZA,-34.1486,18.3536,65.68,52,0,20.71
780524,Burfjord,NO,69.938,22.0521,11.59,61,75,18.41
2022572,Khatanga,RU,71.9667,102.5,-19.84,87,98,9.69
2074865,Carnarvon,AU,-24.8667,113.6333,82.4,89,53,5.75
114593,Susa,IR,32.1942,48.2436,61.02,38,0,9.01
2906649,Helse,DE,53.9833,9.0,56.44,55,20,3.44
2809944,Wetterzeube,DE,51.0,12.0167,51.78,51,0,2.3
3556334,Jatibonico,CU,21.9419,-79.17,76.93,66,24,15.59
7905767,Nāḩiyat as Sab‘ Biyār,SY,33.5323,38.0082,48.78,52,76,9.93
6149013,Skookumchuck,CA,49.9166,-115.7354,38.05,60,75,23.02
2013727,Vanavara,RU,60.34,102.2797,-9.85,89,100,3.31
1270543,Hāflong,IN,25.1833,93.0333,69.37,44,0,1.63
8030386,Safende,CV,15.369,-25.8398,71.08,78,0,20.67
606714,Backa,SE,64.9833,21.0667,12.6,85,90,8.05
1490256,Talnakh,RU,69.4865,88.3972,-27.78,83,94,3.58
5955840,Fort Good Hope,CA,66.257,-128.6374,-25.8,85,0,2.39
1728675,Balabac,PH,7.9868,117.0645,79.07,75,69,13.96
1966827,Kali,ID,1.1627,121.4278,79.72,79,68,10.42
4174280,Summerfield,US,29.0086,-82.0348,65.97,49,40,8.05
3661980,Tarauaca,BR,-8.1614,-70.7656,73.04,96,99,2.33
7521903,Banana Village,KI,1.9833,-157.3653,77.0,94,90,8.05
2381659,Aleg,MR,17.0481,-13.9209,86.05,10,0,10.47
5880054,Barrow,US,71.2906,-156.7887,-5.8,77,90,13.8
6354929,Tom Price,AU,-22.6939,117.7931,93.2,36,40,5.75
1275920,Bhīnmāl,IN,25.0,72.25,79.36,16,0,7.61
1524296,Esil,KZ,51.9556,66.4042,-13.5,89,23,5.93
6949250,La Grande-4,CA,53.756,-73.6798,17.6,62,1,13.8
1622167,Wamena,ID,-3.9167,138.7333,56.98,100,100,1.7
2231565,Fontain,CM,5.7333,10.9167,81.86,28,100,2.59
4274450,Lincoln,US,39.0408,-98.1448,43.52,36,1,18.41
6065460,Manson Creek,CA,55.6665,-124.4865,29.88,92,12,10.83
5945789,East LaHave,CA,44.3168,-64.3654,27.46,59,52,14.97
780686,Berlevåg,NO,70.8581,29.0853,4.95,72,0,25.32
3025149,Chilly,FR,45.9933,5.9534,50.49,57,0,2.3
4034749,Wallis et Futuna,WF,-13.3,-176.2,81.97,81,100,29.15
2178253,Adventure Bay,AU,-43.3667,147.3333,63.03,67,90,12.66
6049953,La Reine,CA,48.8669,-79.4997,24.85,95,97,11.61
6151989,Southend Reindeer,CA,56.3169,-103.2341,28.4,100,97,3.44
2123278,Mil'kovo,RU,54.7167,158.6167,16.92,96,99,5.12
1279715,Xigaze,CN,29.25,88.8833,35.64,58,13,3.8
2121373,Seymchan,RU,62.8833,152.4333,-25.13,81,100,0.56
1279860,Darya Boyi,CN,38.3833,82.0,52.79,33,67,8.05
5992044,Kimball,CA,49.0833,-113.2019,41.0,56,75,29.93
3133145,Utsira,NO,59.3057,4.8862,44.24,87,75,13.8
2377457,Nouadhibou,MR,20.931,-17.0347,68.0,77,0,21.85
2705718,Högsby,SE,57.166,16.0256,38.43,100,0,8.05
5974227,Heron Bay,CA,48.6668,-86.2832,32.0,80,100,9.22
7626930,Sokehs Municipality,FM,6.9327,158.1427,82.4,74,75,5.75
1790534,Changning,CN,35.9798,110.8221,54.34,37,0,7.25
2101169,Aitape,PG,-3.1374,142.3475,82.17,76,42,4.74
2030251,Ihbulag,MN,43.2,107.2,34.05,82,2,17.87
101627,Tabuk,SA,27.5,37.3333,56.89,32,0,9.04
2071379,Forrest,AU,-30.85,128.1,71.6,46,0,18.41
1695546,Pandan,PH,14.0453,124.1694,77.97,90,100,21.88
8079140,Tambakrejo,ID,-8.3111,112.1429,80.19,77,17,4.29
6547288,Jerada,MA,34.2366,-2.0428,51.8,71,75,13.8
3383337,Distrikt Para,SR,5.4167,-55.3333,82.27,74,94,9.22
99350,Al Ḩayy,IQ,32.1735,46.0433,62.47,31,0,13.78
4975418,Piscataquis,US,45.8,-69.2995,25.25,46,98,11.5
6113467,Prince William,CA,45.9168,-67.0489,29.1,31,1,8.05
2122605,Okhotsk,RU,59.3833,143.3,9.32,89,100,8.05
5955950,Fort Severn,CA,55.9835,-87.6332,28.4,74,20,10.36
2098322,Dasi,PG,-2.7,141.3,80.44,81,23,3.53
3838854,Río Grande,AR,-53.7877,-67.7095,42.8,93,90,10.36
3670745,Riohacha,CO,11.5444,-72.9072,79.74,66,18,17.11
1500933,Labytnangi,RU,66.6572,66.4183,-31.27,82,94,5.03
1100188,Damião,MZ,-22.0228,35.3153,84.11,79,40,5.75
6202181,Milford Sound,NZ,-44.6684,167.92,57.07,69,0,2.71
5948965,Ennadai,CA,61.1338,-100.8842,3.2,85,96,8.05
2016733,Shestakovo,RU,56.4915,103.96,-6.5,87,100,4.83
5790164,Clallam,US,48.0498,-123.8346,48.4,76,20,3.44
111821,Yazd,IR,32.5,55.5833,55.06,33,8,11.77
609919,Quryq,KZ,43.2,51.65,38.95,72,70,7.45
2515493,Las Cabezas de San Juan,ES,36.9838,-5.9393,54.97,76,40,9.22
5489698,San Juan,US,36.9992,-109.0409,33.8,40,1,10.36
3572601,Cooper's Town,BS,26.8667,-77.5167,67.08,75,23,26.75
2215210,Al Burayqah,LY,30.4062,19.5739,61.5,57,0,10.65
3980124,Villa Unión,MX,23.9667,-104.0333,64.76,26,5,11.03
69769,Usaylan,YE,15.032,45.8283,80.44,21,0,6.89
2014833,Tura,RU,64.2833,100.25,-23.35,85,95,3.18
1627035,Simpang,ID,-1.2667,104.0833,79.92,76,33,4.41
2634428,Western Isles,GB,57.6667,-7.1667,44.8,81,55,21.85
5994519,Kuujjuarapik,CA,55.2836,-77.7495,23.0,68,90,21.85
3997747,Los Garza,MX,28.0833,-100.3667,65.64,45,1,5.75
6422131,Huangtang,CN,26.0394,112.035,68.32,63,70,3.94
3692994,Quiruvilca,PE,-7.9667,-78.2,41.11,97,95,1.88
4582287,Horry County,US,33.9168,-78.9831,43.03,56,1,5.75
5924351,Clyde River,CA,70.4692,-68.5914,-16.6,76,90,2.3
2110418,Yaren,NR,-0.5472,166.916,81.75,77,99,12.55
580707,Arzhanovskaya,RU,50.1152,42.3521,25.0,85,100,6.96
471160,Voznesen'ye,RU,61.0106,35.4781,0.52,91,98,11.25
2013279,Vostok,RU,46.4856,135.8833,0.57,94,94,1.03
3164175,Villanova,IT,45.0265,9.9985,53.51,100,20,8.05
1128239,Rūdbār,AF,30.15,62.6,71.56,42,97,20.58
2018069,Peleduy,RU,59.6289,112.7406,-14.39,86,100,3.6
2566016,Inga,CG,-4.2464,15.2286,82.4,74,20,2.3
88903,Al Marj,LY,32.488,20.8317,52.66,68,6,12.01
480267,Turki,RU,51.987,43.2731,17.1,97,100,5.53
1651461,Amuntai,ID,-2.4177,115.2494,76.28,95,88,2.95
2063176,Point Samson,AU,-20.6333,117.2,87.37,70,32,17.27
1797039,Rulong,CN,30.9418,100.3096,38.59,55,0,2.53
3608828,Iralaya,HN,15.0,-83.2333,78.8,89,40,9.22
4166208,North Key Largo,US,25.2673,-80.3234,71.15,64,75,16.11
1269578,Jagdalpur,IN,19.0667,82.0333,75.06,30,97,6.87
3668562,Santa Rita,CO,4.8678,-68.3611,84.63,60,62,4.61
6533958,es Mercadal,ES,40.0415,4.1218,59.0,82,20,19.57
588879,Saare,EE,58.25,22.4667,37.26,93,100,4.61
2453514,Ménaka,ML,15.9182,2.4022,79.63,14,7,11.32
2493455,Illizi Province,DZ,26.8333,8.1667,78.8,8,0,9.22
2138410,Saint-Joseph,NC,-20.4,164.5667,81.37,80,100,2.44
2422442,Dabola,GN,10.75,-11.1167,87.46,21,81,3.11
1282256,Hithadhoo,MV,-0.6,73.0833,82.87,75,100,15.3
1263528,Marhaura,IN,25.9667,84.8667,75.2,46,0,3.44
1506938,Erzin,RU,50.261,95.1623,11.68,84,48,4.88
5886735,Arctic Bay,CA,73.0347,-85.1663,-13.0,64,90,2.3
6942826,La Paz,MX,24.1333,-110.3,65.17,59,20,12.66
5301067,Kingman,US,35.1894,-114.053,55.8,22,1,13.8
218229,Bongandanga,CD,1.5,21.05,83.21,42,100,1.9
2377539,Nema,MR,16.6162,-7.2535,85.37,12,0,10.96
187896,Mandera,KE,3.9366,41.867,95.92,20,81,11.3
1535379,Novoishimskiy,KZ,53.1981,66.7694,-12.6,89,30,6.78
3952372,Chuquitira,PE,-17.2878,-70.045,42.08,89,100,6.49
1266991,Khāpri,IN,21.05,79.0333,80.6,36,0,3.44
2029118,Suugaant,MN,45.5326,107.0455,23.74,86,99,14.83
2019718,Mukhen,RU,48.1,136.1,9.32,94,76,3.22
2450849,Sokolo,ML,14.7328,-6.1219,84.18,14,0,9.08
3862254,Catriel,AR,-37.8791,-67.7956,86.77,12,0,21.65
3841894,Paso de Indios,AR,-43.8623,-69.046,55.49,40,92,22.88
1917124,Xiaozhen,CN,23.9854,114.026,68.22,57,0,3.56
4030699,Pitcairn Islands,PN,-25.0667,-130.1,78.42,67,14,7.45
3659210,Chinchipe,EC,-2.2,-81.0,78.8,83,0,11.5
4675536,Bolivar Peninsula,US,29.4783,-94.5799,62.51,77,90,5.75
2634950,Virkie,GB,59.8833,-1.3,44.6,87,0,19.57
2473803,El Borma,TN,31.6917,9.2062,69.87,21,0,2.44
3558315,Gibara,CU,21.1097,-76.1317,78.8,61,20,18.41
6620042,L'Oudon,FR,48.9971,0.0097,55.56,67,0,9.22
4036495,Nikao,CK,-21.2067,-159.8094,75.2,100,75,9.22
1262062,Naliya,IN,23.2667,68.8333,81.75,20,0,8.79
6091069,Northwest Territories,CA,69.5006,-121.5044,-23.8,76,100,19.57
1626542,Sorong,ID,-0.8833,131.25,82.96,71,99,1.77
3421193,Paamiut,GL,61.994,-49.6678,14.31,87,62,7.47
2474871,Zaouia Sidi Bekri,DZ,27.7925,-0.2468,84.2,15,73,23.02
3572603,Congo Town,BS,24.1667,-77.5833,73.09,78,97,28.68
5462567,Colfax,US,36.8756,-105.1261,31.46,36,1,9.22
7302494,Nai Harn,TH,7.7786,98.3066,86.0,51,20,3.44
1996551,Riau Islands,ID,0.6167,106.9833,79.41,83,41,17.96
5887666,Asinkaanumevatt,CA,52.2581,-96.8525,28.4,64,94,6.91
1807687,Huaicheng,CN,23.9051,112.1931,73.18,52,7,1.01
1508961,Borki,RU,58.4858,92.0823,-11.07,89,99,4.79
1271940,Farrukhnagar,IN,17.0778,78.2011,76.78,61,75,6.91
2067890,Laverton,AU,-28.6333,122.4167,83.79,16,0,14.81
1213530,Tanjungtiram,ID,4.0613,98.3699,84.2,79,40,10.36
5062096,Stutsman,US,46.9583,-98.9336,36.5,48,1,9.22
5989203,Kangiqsualujjuaq,CA,58.6914,-65.9525,8.6,72,75,5.75
1260771,Palāsa,IN,18.7667,84.4167,78.8,46,93,11.14
1213721,Sinabang,ID,2.4803,96.3801,84.27,67,83,3.13
3003045,Le Palais,FR,47.3456,-3.1541,52.93,82,0,16.11
744873,Kagizman,TR,40.1567,43.1342,16.83,79,0,3.44
7654016,Mmale,BW,-22.2827,26.9834,77.32,59,100,6.91
1143816,Dasht-e Qal‘ah,AF,33.03,63.8394,57.33,37,100,6.31
4025994,Coahuayana de Hidalgo,MX,18.7,-103.6583,75.2,57,1,3.83
2077456,Australia,AU,-25.0,135.0,100.15,14,0,11.41
1643812,Gotalalamo,ID,2.0333,128.3167,82.62,76,100,8.08
1529531,Dunhuang,CN,40.1667,94.6833,49.62,38,100,6.64
2476301,Tindouf,DZ,27.6711,-8.1474,66.2,39,40,25.32
132142,Ostān-e Hamadān,IR,34.8333,48.5833,34.45,85,45,5.99
480453,Tumbotino,RU,55.9993,43.0236,6.4,66,40,4.47
2017384,Rudnaya Pristan',RU,44.3614,135.8116,22.84,87,95,6.78
664902,Titeşti,RO,45.0167,25.0,36.41,83,38,4.94
3665361,Amazonas,BR,-5.0,-63.0,75.97,92,85,2.51
1309611,Myeik,MM,12.4333,98.6,78.91,67,100,7.83
5983202,Inglis,CA,50.9447,-101.252,24.44,96,68,13.89
7037155,Wonorejo,ID,-8.0691,113.0708,72.18,87,73,3.38
3473817,Porto Velho,BR,-32.0333,-52.0917,75.99,84,0,3.0
1641977,Kalianget,ID,-7.05,113.9333,80.47,83,19,11.61
1152562,Kui Buri,TH,12.0828,99.8543,82.4,65,20,6.91
609862,Atyraū Oblysy,KZ,47.0,52.0,24.8,74,0,8.95
148617,Aghdam Rayon,AZ,40.0,47.0,37.47,80,45,5.93
1816373,Bijie,CN,27.3125,105.2942,55.74,73,93,2.84
2399001,Mayumba,GA,-3.432,10.6554,78.04,82,100,6.55
2028357,Ulaan-Uul,MN,46.0674,100.8172,15.21,72,0,6.6
2018813,Novyy Uoyan,RU,56.1572,111.7056,-3.28,86,100,0.36
6126200,Rochfort Bridge,CA,53.9169,-115.0355,44.6,42,75,6.91
779622,Havoysund,NO,70.9963,24.6622,12.2,79,40,17.27
2015913,Suntar,RU,62.1444,117.6319,-17.54,87,100,3.49
1280878,Kangxiwar,CN,36.2,78.7667,29.35,58,75,15.59
1525736,Barshatas,KZ,48.1697,78.6614,5.67,92,69,1.92
1501706,Krutikha,RU,53.9599,81.2093,4.24,93,100,8.12
1688119,Santa Josefa,PH,7.9911,126.03,73.51,94,100,2.15
6116548,Rankin Inlet,CA,62.8173,-92.0832,-5.8,71,90,6.91
2333064,Kuta,NG,9.8667,6.7167,91.4,19,73,3.44
1281019,Hotan,CN,37.0997,79.9269,52.0,35,10,4.65
2830425,Spindelwag,DE,48.0,10.0,49.51,71,0,10.36
3919884,Colchani,BO,-20.3,-66.9333,50.18,67,96,27.74
1637001,Luwuk,ID,-0.9516,122.7875,81.5,75,57,1.28
1799319,Niuchehe,CN,29.0485,110.975,65.25,73,100,5.53
443187,Karaman Province,TR,37.0833,33.25,23.0,89,65,8.23
8054418,Shangdu,CN,42.25,116.008,25.07,97,34,6.44
151610,Ngorongoro,TZ,-3.2397,35.4875,56.1,100,100,0.87
1054329,Vangaindrano,MG,-23.35,47.6,82.56,82,1,8.5
5974962,Highland Grove,CA,45.0668,-78.0828,24.01,54,95,3.44
96994,Dahuk,IQ,36.8695,42.994,40.75,71,57,1.28
3929520,San Juan de Marcona,PE,-15.3653,-75.1622,71.08,74,38,16.28
1337619,Ugoofaaru,MV,5.6667,73.0,82.31,75,100,9.55
3357114,Grootfontein,NA,-19.5667,18.1167,66.61,86,100,11.05
3854988,Gobernador Costa,AR,-44.0499,-70.598,46.92,57,86,17.22
2029624,Ongon,MN,46.9826,103.7839,8.46,93,35,0.94
7645217,Losap,FM,6.894,152.74,82.22,77,97,18.81
908734,Lyembo,ZM,-14.2333,28.2333,68.13,89,100,1.41
1499385,Manzya,RU,58.4922,96.2617,-14.89,86,99,1.72
146183,Perivólia,CY,34.8292,33.5833,54.03,41,20,14.97
3581511,Orange Walk District,BZ,17.8333,-88.8333,69.42,100,75,3.44
2016443,Skovorodino,RU,53.9833,123.9167,-0.98,87,73,6.46
295629,Ashdod,IL,31.8167,34.65,55.71,51,20,8.05
5927708,Coral Harbour,CA,64.1341,-83.1662,1.4,85,90,4.61
5877543,Wainwright,US,70.6369,-160.0383,-11.79,89,100,15.93
519705,Novaya Derevnya,RU,63.9011,38.0602,-15.38,87,42,6.46
2322552,Takum,NG,7.2667,9.9833,81.32,16,100,2.82
3495684,Oviedo,DO,17.8014,-71.401,76.82,71,7,9.08
3516522,Soto la Marina,MX,23.7667,-98.2167,70.0,74,0,15.01
3674293,Mosquera,CO,2.5086,-78.4511,80.92,75,98,10.13
5983720,Iqaluit,CA,63.7506,-68.5145,-13.0,70,75,3.44
2025197,Dada,RU,49.1678,136.4726,9.12,95,100,6.31
3831682,Dundas,GL,76.55,-68.8,-20.27,73,84,1.92
2013465,Verkhoyansk,RU,67.5447,133.385,-34.55,80,0,0.63
2035189,Sanchahe,CN,44.9631,126.0153,17.73,97,99,9.53
5650429,Eden,US,47.27,-111.2722,38.25,65,75,29.93
2524842,Domus de Maria,IT,38.944,8.8635,59.99,77,0,17.27
3863503,Cafayate,AR,-26.073,-65.9761,69.78,58,81,8.21
1510695,Baykalovsk,RU,70.69,83.62,-32.46,80,21,5.17
2094342,Kavieng,PG,-2.5744,150.7967,83.35,77,30,8.86
1843491,Iksan,KR,35.9439,126.9544,57.74,49,0,13.4
5870308,North Slope,US,69.2506,-152.0006,-13.25,89,100,10.42
2290609,Dabakala,CI,8.3667,-4.4333,90.16,13,10,1.52
71687,Rudum,YE,14.0851,47.7431,73.54,61,16,8.5
6157570,Stony Rapids,CA,59.2603,-105.8351,24.8,86,90,3.44
2068145,Kulpara,AU,-34.0667,138.0333,63.0,67,0,7.0
3986553,San Jerónimo de Juárez,MX,17.1333,-100.4667,75.51,69,100,6.24
3832376,Yacimiento Río Turbio,AR,-51.5732,-72.3508,48.2,61,75,11.5
1265534,Kurāra,IN,25.9833,79.9833,72.55,24,0,4.7
80509,Al Bardīyah,LY,31.7561,25.0865,58.17,63,63,14.03
3437689,Naranjal,PY,-25.9667,-55.1833,89.6,51,20,4.61
3874943,Quellón,CL,-43.1167,-73.6167,53.6,82,75,3.44
211384,Longanio,CD,-2.25,23.3,74.97,73,50,1.92
841412,Yuzhnyy,RU,45.0222,41.0097,28.58,99,90,5.97
1270118,Hesla,IN,24.0667,85.8833,76.33,20,36,6.02
1788491,Xinzhai,CN,36.9428,107.9476,49.84,44,54,6.78
3027582,Chalabre,FR,42.9825,2.0054,53.19,87,90,19.57
2315417,Inongo,CD,-1.95,18.2667,82.06,61,76,0.47
2282006,San-Pédro,CI,4.7485,-6.6363,79.61,86,0,6.91
5971679,Harty,CA,49.4835,-82.6831,30.2,69,90,19.57
102527,Sakakah,SA,29.9697,40.2064,60.8,33,0,9.22
4923096,Lynn,US,40.0498,-84.9397,35.55,80,1,14.97
3153910,Hansnes,NO,69.9624,19.6186,21.2,68,0,35.68
2215636,Libya,LY,25.0,17.0,62.35,28,0,10.76
2110384,Funafuti,TV,-8.5172,179.1305,82.4,83,90,9.22
4030656,French Polynesia,PF,-15.0,-140.0,80.76,68,72,8.81
1298480,Sagaing Region,MM,23.5,95.5,78.35,33,0,3.58
215771,Isiro,CD,2.7739,27.616,78.33,42,100,0.27
6116154,Raleigh,CA,51.5668,-55.7313,4.14,66,1,5.75
780166,Finnmark,NO,70.0,25.0,6.46,66,40,33.38
2064155,Onslow,AU,-21.65,115.1,88.99,56,30,4.76
2032490,Bayan-Ovoo,MN,49.0167,111.6333,3.06,82,0,12.1
2093846,Kiunga,PG,-6.1219,141.2906,82.83,74,99,1.25
3397873,Itaú,BR,-5.8397,-37.9928,86.23,52,88,7.56
579432,Balezino,RU,57.9796,53.0106,-5.46,91,100,5.21
396460,Khushaybī al Ḩaḑar,SA,25.7621,43.2835,65.97,48,52,18.81
2017370,Russia,RU,60.0,100.0,-10.19,88,100,3.06
3463120,Formoso,BR,-14.9467,-46.2319,72.77,77,84,6.15
3690733,Yauya,PE,-8.9833,-77.3,54.07,65,97,1.52
5350605,Frazier Park,US,34.8228,-118.9448,47.16,21,1,21.85
2176715,Barringun,AU,-29.0167,145.7167,94.6,22,36,9.53
2025630,Chara,RU,56.9064,118.2631,-14.64,79,73,2.57
3479308,Paind do Araguaia,BR,-11.4403,-50.3142,74.28,92,100,3.22
4956915,Ash Point,US,44.0556,-69.0867,29.93,37,1,3.44
1516593,Zhezdi,KZ,48.0644,67.0539,12.67,95,100,7.87
1736305,Kuala Kedah,MY,6.1,100.3,86.25,62,20,8.05
3424607,Tasiilaq,GL,65.6145,-37.6368,33.8,75,75,37.98
653760,Kaskinen,FI,62.3759,21.2261,33.37,96,100,8.97
1525504,Belogor’ye,KZ,51.5297,77.4714,8.69,92,95,7.63
2630299,Hofn,IS,64.2539,-15.2082,40.91,68,99,9.42
3393764,Oeiras,BR,-7.0253,-42.1311,78.55,84,76,3.69
6114685,Qikiqtarjuaq,CA,67.5555,-64.0249,-20.2,76,1,9.22
3520161,Sabancuy,MX,18.9667,-91.1833,74.12,68,14,7.07
3827832,Rumo Cocha,PE,-3.7792,-73.3119,84.2,70,40,2.3
6152248,South Indian Lake,CA,56.7795,-98.9281,27.01,97,100,10.49
3441442,Ombues de Lavalle,UY,-33.9167,-57.7833,78.8,69,0,5.75
103035,Rābigh,SA,22.7986,39.0349,75.65,41,25,11.52
549748,Kholmogory,RU,64.2229,41.656,-14.8,70,0,2.24
2387440,Dam,CF,6.4833,17.4333,83.64,18,100,2.35
2125072,Kamchatka,RU,55.0,159.0,17.67,98,100,5.23
2087362,Salamo,PG,-9.6603,150.7856,84.43,71,100,1.54
7839384,Paroo,AU,-27.9874,145.7175,93.24,23,19,14.12
4968894,Kingfield,US,44.9592,-70.154,27.21,40,1,6.91
1648512,Bobong,ID,-1.947,124.3829,82.54,68,87,1.79
216404,Gbadolite,CD,4.2833,21.0167,84.09,32,100,1.95
5859193,Chignik,US,56.2953,-158.4022,27.37,95,95,8.7
688279,Yavoriv,UA,49.0167,22.914,37.35,75,90,5.5
3445983,Tucano,BR,-10.9631,-38.7867,83.46,54,91,7.05
66108,Shāhrūd,IR,36.4167,55.0167,40.01,68,1,11.7
6062100,Lupin Mine,CA,65.7643,-111.2232,-20.2,76,73,13.8
1517529,Uzynkair,KZ,45.7167,60.9,30.45,86,58,16.35
3388145,São Raimundo Nonato,BR,-9.0153,-42.6994,79.93,70,95,1.7
2028051,Akana,RU,63.9,119.0167,-22.54,87,100,3.29
4770766,Louisa,US,38.0251,-78.0042,35.53,37,1,3.44
1540475,Turtas,RU,58.9417,69.1325,-11.47,90,100,6.11
3114980,Urduña / Orduña,ES,42.9944,-3.0097,51.73,76,90,11.5
5274473,Stanley,US,44.96,-90.9371,24.89,86,90,5.75
5877087,Uganik,US,57.7667,-153.4,33.8,69,90,8.05
2158977,Mallacoota,AU,-37.55,149.75,66.99,85,68,1.99
3526756,Isla Mujeres,MX,21.2311,-86.731,75.06,69,20,5.75
1792999,Tiandeng,CN,23.1266,107.0937,70.45,55,10,8.63
3462710,Galheiro,BR,-18.9667,-51.95,79.66,63,78,5.08
2066859,Marvel Loch,AU,-31.4667,119.4667,83.68,20,0,6.11
3423146,Ilulissat,GL,69.2167,-51.1,6.8,72,90,6.91
1799897,Nanma,CN,36.1817,118.1583,63.34,36,76,4.21
1860941,Jūrokuban,JP,30.6,130.9833,60.8,67,20,8.05
6691320,Nord-du-Québec,CA,51.962,-74.8961,16.59,96,95,7.94
3141548,Rognan,NO,67.0953,15.3878,18.97,93,75,42.57
5887448,Arviat,CA,61.1088,-94.0585,-0.4,78,90,3.44
1529626,Baijiantan,CN,45.6333,85.1833,28.42,94,86,5.1
6137052,Sachs Harbour,CA,71.9841,-125.2463,-17.81,89,100,8.32
153214,Morogoro,TZ,-8.0,37.0,81.46,64,64,2.48
1614696,Pak Chom,TH,18.0206,101.8983,89.04,39,0,2.28
2183619,Raumati South,NZ,-40.95,174.9833,63.97,59,100,23.02
5873776,Seward,US,60.1042,-149.4422,25.86,50,20,4.03
2220853,Yokadouma,CM,3.5167,15.05,85.78,23,93,2.35
3980487,Venado,MX,22.9333,-101.0833,71.08,20,0,6.26
2597172,Tiapoum,CI,5.1362,-3.0231,81.88,79,24,10.16
1628757,Sangkulirang,ID,0.9833,117.9667,78.51,88,85,2.46
2017155,Saskylakh,RU,71.9167,114.0833,-31.05,83,0,1.41
3467850,Campinhos,BR,-14.8667,-40.8833,71.78,73,99,6.17
3581418,Privassion Camp,BZ,17.0333,-88.95,71.24,73,75,4.61
3854981,Gobernador Gregores,AR,-48.7506,-70.2474,50.74,71,91,1.81
1518062,Torghay,KZ,49.6339,63.4981,-8.34,89,46,7.4
2089478,Northern Province,PG,-9.0,148.5,80.74,80,94,3.65
3661948,Marechal Thaumaturgo,BR,-8.9411,-72.7917,73.47,97,97,2.51
209598,Manono,CD,-7.3,27.4167,71.47,94,100,2.1
698247,Oster,UA,50.9506,30.8823,38.26,70,100,6.71
1061412,Mananara,MG,-16.1667,49.7667,78.62,86,100,5.46
933077,Shakawe,BW,-18.3667,21.85,70.74,88,100,7.09
363533,Zalingei,SD,12.9096,23.4741,76.26,19,65,7.52
2179671,Manawatu-Wanganui,NZ,-39.95,175.0167,63.46,81,49,1.01
1307641,Myoma,MM,20.1333,92.8833,78.66,54,5,10.92
6445087,Saint-Mandrier-sur-Mer,FR,43.0667,5.9333,56.14,67,0,21.85
3406001,Batalha,BR,-4.025,-42.075,78.39,88,94,2.01
1538730,Omskiy,RU,57.6356,91.9072,-6.14,91,100,4.43
1528998,Yumen,CN,40.2833,97.2,45.18,49,85,9.8
2485794,Ouargla Province,DZ,30.5,6.1667,79.23,16,27,10.83
3370221,Banghoek,ZA,-33.9167,18.9167,66.43,52,0,20.71
2032436,Bayasgalant,MN,46.9833,112.05,3.81,87,55,15.17
478050,Ust'-Kulom,RU,61.6864,53.6902,-19.5,85,98,5.37
5955550,Forest Lawn Industrial,CA,51.0334,-113.9687,40.01,52,75,10.36
3685070,Durania,CO,1.2667,-70.1833,79.41,73,90,3.04
1522605,Kīevka,KZ,50.2619,71.5514,7.16,95,100,6.96
5882640,Aguanish,CA,50.2168,-62.0818,23.0,39,1,14.97
2841488,Sankt Peter,DE,48.0167,8.0333,48.54,67,0,4.61
3374351,Pombas,CV,17.1503,-25.0201,69.8,68,20,19.57
389469,Baladīyat ar Rayyān,QA,25.2,51.05,71.08,56,40,9.22
3581398,Punta Gorda,BZ,16.0984,-88.8097,73.4,83,40,3.67
921745,Nioumachoua,KM,-12.3614,43.7153,83.77,68,100,3.29
1808212,Hechuan,CN,29.9947,106.2572,70.11,52,0,4.47
7627186,Pingelap,FM,6.2059,160.7033,82.54,77,9,18.66
2444219,Gouré,NE,13.9835,10.2704,78.01,11,62,8.01
2426991,Ngardiana,TD,13.2341,18.2975,79.84,16,0,10.02
749100,Çilimli,TR,40.8936,31.0492,33.96,88,5,0.83
1605742,Ta Phraya,TH,14.0031,102.8054,88.41,26,98,5.91
524100,Muyezerskiy,RU,63.9333,31.65,-8.63,90,97,9.86
1632998,Pamanukan,ID,-6.2842,107.8106,79.34,83,95,7.9
4063619,Gadsden,US,34.0143,-86.0066,56.61,26,1,6.91
828886,Horad Pinsk,BY,52.1214,26.0728,32.97,97,100,6.82
5933900,Cumberland House,CA,53.9668,-102.2676,29.7,98,96,14.79
5335846,Channel Islands Beach,US,34.1581,-119.2232,61.18,67,1,10.36
3848949,La Rioja Province,AR,-30.0,-67.5,71.92,54,7,7.02
1627520,Seratak,ID,-3.4,116.2333,77.43,89,93,1.52
2723201,Bastuträsk,SE,65.0,17.6833,8.56,85,90,3.44
3385899,Tutóia,BR,-2.7619,-42.2744,84.2,79,75,16.11
2439812,Say,NE,13.1007,2.3689,86.0,6,54,10.36
1240622,Kelaniya,LK,6.9553,79.922,80.6,78,75,10.36
1280194,Qümong,CN,32.9777,98.098,21.09,80,16,4.52
2146616,Tilpa,AU,-30.95,144.4,92.79,23,66,7.87
162199,Annau,TM,37.8876,58.516,46.4,53,75,2.3
3935619,Madre de Dios,PE,-12.0,-70.25,69.57,100,100,1.68
7641247,Huangbai,CN,25.9553,116.006,70.16,58,13,2.53
1695180,Simbahan,PH,6.3032,120.5836,80.04,81,84,14.99
3424424,Atammik,GL,64.8,-52.2167,20.37,93,96,17.16
2122104,Petropavlovsk-Kamchatskiy,RU,53.0452,158.6483,26.6,68,20,2.24
798536,Rabocheostrovsk,RU,64.9855,34.7661,-14.4,90,100,10.67
3844933,Maquinchao,AR,-41.25,-68.7333,62.02,30,34,28.9
2123814,Leningradskiy,RU,69.3833,178.4167,-13.45,88,98,8.03
7626924,Mokil Municipality,FM,6.688,159.757,82.49,77,84,18.75
5941588,Donkin,CA,46.1834,-59.8651,24.31,63,75,24.16
3382998,Suriname,SR,4.0,-56.0,78.48,70,98,1.48
2122229,Paratunka,RU,52.95,158.2333,24.8,74,40,4.47
5192657,Harleigh,US,40.9806,-75.9713,27.68,50,1,1.28
6947098,Rigolet,CA,54.1701,-58.4344,2.48,90,60,8.05
1831172,Kampong Cham,KH,12.0833,105.5833,85.06,33,15,4.25
2119625,Yagodnoye,RU,64.65,170.4,-21.33,75,0,1.72
5963145,Goose Creek,CA,58.6751,-94.1448,8.6,85,75,5.75
910361,Limulunga,ZM,-15.0969,23.1376,71.44,86,94,3.38
1182872,Bhag,PK,29.0415,67.8239,82.22,15,0,2.73
5880568,Bethel,US,60.7922,-161.7558,-7.6,64,1,6.6
7839592,Longreach,AU,-23.876,143.8671,94.77,20,2,6.91
242048,Salamat Region,TD,11.0,20.5,82.13,15,83,2.15
1488616,Uk,RU,55.079,98.8586,-1.41,92,96,3.18
2156785,Mossgiel,AU,-33.2667,144.5667,87.64,34,32,7.05
5609855,Teton,US,43.9166,-111.3761,25.47,80,90,10.36
1641510,Kangboi,ID,1.0833,104.05,80.83,74,40,14.97
6558470,Waddeweitz,DE,53.0064,10.971,52.36,50,20,4.61
3450206,Santa Helena de Goiás,BR,-17.8136,-50.5969,75.51,83,45,2.77
1507203,Drovyanoy,RU,72.4017,72.7625,-6.97,91,100,8.1
4704395,Lake Brownwood,US,31.8357,-99.0078,61.07,29,1,13.8
1494482,Polunochnoye,RU,60.8697,60.4153,-19.52,88,100,4.21
3419714,Kangerlussuaq,GL,67.0088,-50.6894,-9.4,64,39,8.05
2127436,Yokohama,JP,41.0833,141.25,34.38,74,75,3.44
788709,Leskovac,RS,42.9981,21.9461,48.61,54,0,2.3
6170031,Tuktoyaktuk,CA,69.4541,-133.0374,-11.2,77,90,18.41
5874713,Soo City (historical),US,66.7167,-151.4833,-16.6,58,20,3.44
3665202,Aripuanã,BR,-9.1667,-60.6333,75.63,97,94,0.87
2013865,Ust'-Uda,RU,54.1742,103.0304,-3.1,88,97,2.89
648958,Lapponia,FI,68.0,27.0,-0.4,71,0,9.22
1636308,Manokwari,ID,-0.8667,134.0833,80.01,74,100,2.93
6184824,Wrigley,CA,63.25,-123.498,-8.75,89,100,2.1
5879302,Ambler,US,67.0861,-157.8514,-16.6,63,1,1.95
4890925,Elk Grove Village,US,42.0039,-87.9704,32.86,80,90,12.66
1256598,Sheoganj,IN,25.15,73.0667,75.63,18,0,5.06
1802162,Daxing,CN,22.9692,102.4061,53.87,99,84,1.88
2565267,Mhamid,MA,29.82,-5.72,63.97,28,94,22.15
6078372,Moosonee,CA,51.2793,-80.6345,28.4,59,1,11.5
5993072,Kitimat,CA,54.0524,-128.6534,40.33,93,90,8.05
2293260,Agnibilékrou,CI,7.1344,-3.2047,84.74,19,8,0.45
4493110,Spruce Pine,US,35.9154,-82.0646,38.12,50,9,1.01
3754114,Parque das Laranjeiras,BR,-3.0647,-60.0136,84.2,70,40,4.61
608073,Taskopa,KZ,48.8536,55.5819,-0.56,91,70,5.19
2035399,Songyuan,CN,45.1171,124.8568,17.28,97,99,7.09
8014675,Santa Cruz da Graciosa,PT,39.0776,-28.0169,61.02,88,72,29.55
5522714,Hale Center,US,34.0642,-101.8438,47.91,34,1,4.61
3982837,Sonoita,MX,31.85,-112.8333,62.01,15,0,11.48
2146205,Tarrawingee,AU,-31.4667,141.4833,91.4,25,0,14.97
6454373,Sarralbe,FR,48.9987,7.0292,56.17,41,0,1.14
2020838,Lensk,RU,60.7253,114.9278,-13.11,85,100,7.16
2435014,Bogomia I,TD,7.7962,15.6682,85.73,14,94,3.71
205297,Tambo,CD,-8.3,27.25,70.18,85,100,1.28
2077026,Batchelor,AU,-13.0667,131.0167,82.99,88,100,1.01
108190,Ash Shurayf,SA,25.7071,39.2823,70.38,20,0,8.19
2119283,Zyryanka,RU,65.75,150.85,-32.57,83,0,1.83
3432707,La Eduvigis,AR,-26.8555,-59.0684,89.6,35,0,5.75
2204113,Malsa’a,FJ,-12.4833,177.0667,83.73,75,80,8.95
2157580,Mincha,AU,-36.0167,144.0833,84.0,28,23,10.69
564191,Duminichi,RU,53.9345,35.1099,33.19,97,100,12.37
1515580,Jargalant,MN,45.7095,97.176,31.96,75,1,1.39
2505525,Bechar Province,DZ,30.25,-3.0833,68.76,27,89,24.0
1159301,Zahedan,IR,29.4963,60.8629,57.2,62,90,6.91
7839558,Barcaldine,AU,-23.052,145.4349,91.67,26,50,5.44
2966208,Belmullet,IE,54.225,-9.9908,45.91,74,0,10.0
1491600,Snezhnogorsk,RU,68.0931,87.74,-32.55,81,92,5.37
3877770,Paiguano,CL,-30.0167,-70.5333,72.43,77,0,9.22
1529376,Korla,CN,41.7597,86.1469,40.64,65,89,1.48
5855051,‘Ewa Beach,US,21.3156,-158.0072,74.53,78,75,4.61
1580240,Hue,VN,16.4667,107.6,73.4,73,40,12.66
1488903,Turukhansk,RU,65.8167,87.9833,-32.39,83,85,3.31
1802682,Longchuan,CN,25.1615,101.2942,56.91,48,60,8.1
3405304,Bom Jesus,BR,-9.0744,-44.3586,78.44,80,99,3.06
2175958,Bicheno,AU,-41.8789,148.2886,64.06,87,25,10.36
3923057,Bolivia,BO,-17.0,-65.0,80.91,65,100,2.24
2120591,Tilichiki,RU,60.4667,166.1,-4.74,91,99,8.21
5289863,Cienega Springs,US,34.1886,-114.2247,63.34,14,1,16.11
6977912,Raha Tiga,ID,-4.8271,122.7229,82.29,74,100,10.67
142358,Bābolsar,IR,36.7025,52.6576,44.6,100,90,9.22
2525089,Castelluccio Inferiore,IT,40.0039,15.9809,48.88,81,56,3.51
2129163,Mombetsu,JP,44.3525,143.3525,28.62,64,75,18.41
2028164,Deputatsky,RU,69.3,139.9,-30.62,86,0,1.25
3927158,Torata,PE,-17.0769,-70.8433,58.96,64,61,5.03
2018571,Olyokminsk,RU,60.3736,120.4264,-16.73,86,100,4.56
4158060,Harbour Heights,US,26.9909,-82.0023,70.59,53,1,14.97
4269043,Caney,US,37.0115,-95.9353,45.7,70,1,8.05
3432990,Labardén,AR,-36.9475,-58.1038,79.74,29,29,7.27
4038282,Angaur State,PW,6.906,134.13,80.6,89,90,5.75
5984185,Isachsen,CA,78.7853,-103.5048,-22.16,84,100,15.19
5735237,Klamath,US,42.6665,-121.7508,39.2,75,1,4.09
2361373,Diapaga,BF,12.0708,1.7889,82.11,12,31,6.71
6177250,Wawota,CA,49.9,-102.0343,30.07,74,75,14.97
6943715,Fort Franklin,CA,65.209,-123.3633,-22.0,69,71,3.27
2260668,Bouenza Department,CG,-4.0,14.0,77.36,87,86,4.05
1649881,Batang,ID,-6.4846,110.7083,84.2,70,40,12.66
1496745,Novosibirsk Oblast,RU,55.0,80.0,2.14,94,100,12.01
2119272,Netten Polar Station,RU,66.9667,171.9167,-22.49,86,5,6.31
2142804,Wyandra,AU,-27.25,145.9833,91.06,25,0,8.81
103331,Qārā,SA,29.8769,40.2269,60.8,33,0,9.22
1281659,Baxkorgan,CN,39.0667,90.0833,30.88,75,100,0.58
1276574,Bela,IN,25.9333,81.9833,75.58,27,0,4.27
2126123,Chokurdakh,RU,70.6333,147.9167,-32.49,83,88,5.84
1163582,Thatta,PK,24.7475,67.9235,85.78,14,0,10.4
505230,Priozersk,RU,61.0393,30.1291,14.0,95,100,11.63
7839505,East Pilbara,AU,-21.6133,123.7137,99.55,26,84,7.9
2498541,El Bayadh Province,DZ,32.5,1.1667,71.53,18,100,21.16
2189506,Island Bay,NZ,-41.3333,174.7833,63.79,59,100,23.02
7371354,Dongke,CN,36.3349,99.6668,33.03,57,63,1.28
1851383,Susami,JP,33.55,135.5,60.8,77,20,4.61
1791440,Wenquan,CN,30.8493,115.6991,66.0,48,0,2.98
1516082,Delgermörön,MN,46.4095,98.2871,13.51,74,0,6.49
1310084,Mawnwe,MM,24.5333,94.55,72.57,38,0,1.05
933117,Sebina,BW,-20.8667,27.25,73.4,78,40,14.97
545467,Konevo,RU,62.1215,39.3192,-10.77,89,96,6.85
1514801,Birata,TM,40.482,62.1586,43.47,53,2,9.8
1504382,Kargasok,RU,59.0556,80.8572,-4.34,93,100,6.69
3878743,Neltume,CL,-39.8441,-71.9392,50.79,88,60,3.58
1494335,Posol,RU,60.0594,62.995,-18.0,88,100,3.58
6179858,Whati,CA,63.1443,-117.2757,-14.8,76,100,3.44
1252668,Ziro,IN,27.6333,93.8333,82.4,44,20,1.43
2410764,Sao Tome Island,ST,0.2,6.65,84.2,74,40,8.05
2513947,Melilla,ES,35.2937,-2.9383,59.0,72,0,6.91
3874958,Puerto Natales,CL,-51.7236,-72.4875,48.2,61,75,11.5
1678228,Keelung,TW,25.1283,121.7419,67.08,60,20,2.3
3460558,Itiquira,BR,-17.0833,-54.9333,80.11,81,99,5.48
1220401,Tagob,TJ,38.8383,68.8985,53.6,76,90,4.47
6062670,Macdiarmid,CA,49.4334,-88.1333,25.7,86,98,5.75
462022,Zubovo,RU,60.318,36.9728,-3.05,91,94,7.85
3996063,Mexico,MX,23.0,-102.0,65.52,24,0,12.75
4352577,Crisfield,US,37.9835,-75.8538,33.3,64,1,3.22
1489126,Tsementnozavodskiy,RU,67.6167,64.1,-33.36,82,71,1.63
2255404,Pool Department,CG,-3.5,15.0,78.69,73,100,1.39
5881544,Ofu,AS,-14.1753,-169.6775,78.8,86,100,21.43
5939424,Dina,CA,52.9335,-110.0849,39.2,60,90,23.02
4163379,Marathon,US,24.7138,-81.0903,73.17,68,75,16.11
2021026,Khaty,RU,63.6256,116.6703,-18.54,87,100,2.84
2073890,Coolgardie,AU,-30.95,121.1667,87.8,20,0,10.36
7839427,Karoonda East Murray,AU,-34.9285,140.0248,66.76,52,0,17.09
3893656,Copiapo,CL,-27.3667,-70.3333,62.6,77,75,16.11
4291056,Elkfork,US,37.9648,-83.1329,37.98,87,1,4.61
1545752,Port Mathurin,MU,-19.6833,63.4167,80.29,76,69,17.29
1280943,Jinta,CN,39.9833,98.8667,46.49,46,59,5.28
6070684,McLeod Lake,CA,54.9832,-123.0364,41.0,65,20,14.97
2181997,Takaka,NZ,-40.85,172.8,62.98,86,100,3.0
779683,Hammerfest,NO,70.6634,23.6821,14.86,79,40,17.27
2355404,Solenzo,BF,12.1833,-4.0833,92.12,11,26,9.95
909887,Luangwa,ZM,-15.6167,30.4167,80.02,83,88,3.27
3862771,Departamento de Capayán,AR,-28.8333,-66.0,83.28,52,9,17.31
3395497,Maracaçumé,BR,-2.0428,-45.9592,77.67,94,98,2.95
2157076,Moonbi,AU,-31.0167,151.0667,78.8,53,43,11.5
3665314,Anori,BR,-8.3333,-67.3333,72.97,97,100,1.92
6940753,Ghayl Ba Wazir,YE,14.8778,49.0245,63.57,68,0,7.4
875996,Moxico Province,AO,-12.8487,20.9327,69.8,81,51,3.6
7839600,Leonora,AU,-28.3942,121.2596,86.52,16,0,10.92
1490686,Sukhoy Log,RU,56.9094,62.0296,-2.87,92,100,1.25
2455456,Kinmparana,ML,12.8402,-4.9199,91.54,11,0,10.47
5992554,Kinistino,CA,52.95,-105.0343,30.2,74,100,20.71
5829425,Kemmerer,US,41.7925,-110.5377,22.1,79,1,23.02
3728474,Cap-Haitien,HT,19.7578,-72.2042,77.23,74,8,15.5
130801,Ilam Province,IR,33.1667,47.0,44.38,58,24,5.5
2764957,Solden,AT,46.9667,11.0,52.61,28,0,10.36
2057031,Mokdale,ID,-10.7333,123.0333,81.36,83,67,10.13
3150002,Kjøpsvik,NO,68.097,16.3742,21.2,79,75,17.27
7839709,Central Darling,AU,-31.7715,143.6257,92.91,25,51,6.11
300808,Silifke,TR,36.3778,33.9344,48.83,49,95,5.99
3173935,Marina di Carrara,IT,44.0384,10.0414,55.0,76,0,4.61
2508807,Adrar,DZ,25.75,-1.0,81.7,14,11,11.07
608359,Shalqar,KZ,47.8333,59.6,15.8,97,100,11.68
319345,Çatak,TR,38.0085,43.065,24.8,74,75,8.05
3369174,Calvinia,ZA,-31.4707,19.776,71.69,22,0,8.52
542965,Krasnokholmskiy,RU,55.9873,55.0466,-9.47,91,99,6.46
7603255,Barh el Gazel Region,TD,14.6667,16.9167,75.51,16,4,11.99
598392,Karmelava,LT,54.9667,24.0667,37.4,75,100,4.61
5864145,Homer,US,59.6425,-151.5483,22.84,68,40,11.5
1512205,Abaza,RU,52.655,90.0928,11.79,92,18,1.88
5466318,Eddy,US,32.8757,-104.7511,54.93,12,1,12.66
2026023,Bukachacha,RU,52.9833,116.9167,-3.14,85,82,6.6
53707,Mudug,SO,7.0,48.0,82.67,38,51,19.82
2123371,Mayskiy,RU,48.9975,140.2053,14.23,91,0,4.97
2180815,Tuatapere,NZ,-46.1333,167.6833,64.0,76,0,4.0
3520989,Puerto Madero,MX,14.7208,-92.4215,84.2,65,75,5.75
2220082,Al Fuqaha',LY,27.8337,16.3849,62.98,24,83,6.89
2434985,Bokoro,TD,12.3807,17.0568,82.8,14,0,9.69
6093114,Old Crow,CA,67.5712,-139.8342,-31.79,83,0,0.58
2031799,East Aimak,MN,48.0,115.0,5.92,86,0,16.49
1262574,Mūl,IN,20.0667,79.6667,79.92,23,14,3.98
2056029,Entuziastov,RU,70.8644,134.6397,-33.95,81,0,1.81
1040652,Maputo,MZ,-25.9653,32.5892,82.2,78,40,14.97
168887,Judaydat Khābūr,SY,35.8167,39.4667,49.59,46,0,4.43
7839408,Roper Gulf,AU,-15.3056,134.9736,84.67,70,73,17.16
6140815,Sandy Lake,CA,56.9835,-107.2846,33.12,97,100,9.46
159242,Ikwiriri,TZ,-7.9562,38.9716,77.59,93,98,4.18
4031110,Fale old settlement,TK,-9.3852,-171.2468,83.07,76,100,18.5
122289,Neyrīz,IR,29.1988,54.3278,57.2,67,75,9.22
159067,Iringa,TZ,-9.0,35.0,63.9,94,100,2.8
2066901,Marree,AU,-29.65,138.0667,95.68,24,1,19.55
3572005,Long Island,BS,23.2167,-75.1117,75.25,79,41,28.72
1325443,Hakha,MM,22.65,93.6167,56.97,61,95,1.14
5835069,Pine Bluffs,US,41.1819,-104.0691,32.34,64,1,12.66
5849164,Kekaha,US,21.9683,-159.7132,74.98,73,75,10.29
6139393,Salluit,CA,62.2006,-75.6323,7.92,90,99,17.4
495922,Shal'skiy,RU,61.797,36.0168,-5.94,90,0,10.42
2015306,Tiksi,RU,71.6872,128.8694,-26.16,86,34,2.1
343143,Āwarē,ET,8.2561,44.1567,78.21,30,95,18.5
5079617,Springview,US,42.8244,-99.749,34.84,69,1,10.36
3380993,Maripa-Village,GF,3.6333,-54.05,74.62,93,100,3.22
7645723,Satawal,FM,7.382,147.0322,82.09,78,69,19.48
5992650,Kinosis,CA,56.3335,-110.9685,40.1,70,66,33.38
586971,Bilgeh,AZ,40.5681,50.0378,39.2,70,40,6.91
6171824,Umiujaq,CA,56.5554,-76.5522,21.2,68,75,21.85
288789,Barkā’,OM,23.7074,57.8891,75.2,78,20,4.61
4015471,Carácuaro,MX,19.0106,-101.1264,81.3,23,0,4.21
3373168,Vila do Corvo,PT,39.6667,-31.1333,62.98,85,68,32.66
553609,Kamenka,RU,65.8876,44.1126,-28.28,84,14,6.06
656711,Ilomantsi,FI,62.8333,31.0,0.73,90,100,10.22
146961,Yardımlı,AZ,38.9206,48.2372,36.25,87,75,8.05
2122262,Palana,RU,59.1167,159.9667,4.66,97,94,12.15
2483761,Reggane,DZ,26.7158,0.1714,81.79,15,35,9.8
2143437,Windellama,AU,-35.022,149.8728,68.29,100,99,6.91
3691324,Tocache,PE,-8.1842,-76.5125,75.97,86,96,0.98
1802431,Longsheng,CN,25.7936,110.0092,73.4,53,40,4.47
3699427,Barranca,PE,-4.8333,-76.7,84.69,65,47,0.74
2417834,Mamou,GN,10.15,-11.95,88.52,33,97,2.19
96205,Halabja,IQ,35.1778,45.9861,45.09,57,15,3.47
2120047,Ust'-Omchug,RU,61.15,149.6333,-9.96,83,100,7.23
3371199,Erongo,NA,-22.0833,15.3333,68.02,42,0,11.9
1279094,Akot,IN,21.0964,77.0586,81.91,20,0,6.38
2478217,Tamanrasset Province,DZ,23.75,4.6667,66.09,24,0,4.72
101760,Sulţānah,SA,24.4926,39.5857,75.2,10,0,6.91
219057,Beni,CD,0.5,29.4667,72.97,59,100,3.6
2446796,Bilma,NE,18.6853,12.9164,69.57,20,7,4.7
3386495,Teresinha,BR,0.9667,-52.0333,75.43,88,99,3.94
1668352,Tainan,TW,23.0,120.1888,70.66,45,20,4.61
5955887,Fort Liard,CA,60.2334,-123.4698,-2.92,90,100,5.21
3853786,Ingeniero Jacobacci,AR,-41.3427,-69.5448,57.49,36,80,19.28
5432024,Mount Pearl,US,38.9625,-102.7894,35.1,55,1,8.05
3601402,Savannah Bight,HN,16.45,-85.85,73.99,91,28,4.81
3394892,Miguel Alves,BR,-4.1656,-42.8953,79.07,86,99,1.63
1802750,Lizhai,CN,29.0084,117.9189,64.65,59,0,2.66
5731397,Hines,US,43.564,-119.081,36.32,80,90,3.44
610743,Aqqystau,KZ,47.2333,51.0,24.8,74,0,8.95
1714769,Dinalongan,PH,16.1404,121.9573,74.7,80,95,13.4
3336899,Aragon,ES,41.0,-1.0,50.9,100,90,19.57
3349234,Kwanza Sul Province,AO,-10.827,15.032,70.03,83,46,4.0
6087172,Nestor Falls,CA,49.1167,-93.9337,32.79,69,98,4.61
7839397,Torres,AU,-10.7038,142.1796,82.4,78,100,3.44
3849980,La Maruja,AR,-35.6736,-64.94,82.38,26,1,6.51
1000543,Graaff-Reinet,ZA,-32.2522,24.5308,73.9,26,9,10.98
4017700,Baja California,MX,30.0,-115.0,58.21,30,0,22.01
608879,Mangistauskaya Oblast’,KZ,44.0,54.0,31.48,94,90,8.57
1035025,Nacala,MZ,-14.5428,40.6728,80.87,81,99,5.44
710007,Dmytrivka,UA,47.9361,38.9366,32.38,96,100,11.63
2236053,Abong Mbang,CM,3.9833,13.1833,87.44,23,18,2.82
2146661,Tibooburra,AU,-29.4333,142.0167,96.87,17,91,10.45
8030545,Crooked Island and Long Cay District,BS,22.7336,-74.2153,75.85,77,0,23.09
143052,Ardestān,IR,33.3761,52.3694,53.87,36,22,5.03
2123979,Kuril'sk,RU,45.2333,147.8833,24.08,93,98,23.85
2742994,Alvares,PT,40.0171,-8.0993,50.81,77,86,4.0
2593112,Extremadura,ES,39.0,-6.0,52.0,72,100,8.01
4013688,Cloete,MX,27.9167,-101.1667,63.0,63,0,1.99
113659,Tabas,IR,33.5959,56.9244,61.66,27,0,10.38
2667876,Torsby,SE,60.1353,13.0082,39.2,100,90,6.91
1895695,Kushima,JP,31.4583,131.2333,63.28,30,40,19.57
4634931,Knox,US,36.0168,-83.9332,49.93,40,1,3.44
2314300,Kinshasa City,CD,-4.5,15.5,82.4,74,20,2.3
2159441,Lower Tully,AU,-18.0,146.0167,76.91,93,100,3.91
2565056,Punta Umbria,ES,37.1821,-6.9661,54.9,57,93,8.01
2185172,Owaka,NZ,-46.45,169.6667,63.0,69,0,4.38
1529001,Yuli,CN,41.3306,86.2578,45.97,53,91,5.21
5040822,Park Rapids,US,46.9222,-95.0586,29.88,86,90,9.22
1500962,Kyzyl-Khaya,RU,50.0499,89.8782,7.79,73,28,4.12
2125742,Enken,RU,57.7667,140.2,4.53,84,100,6.58
2255329,Sangha Department,CG,1.3333,15.5,84.09,41,84,1.83
1511646,Andra,RU,62.5147,65.8878,-25.53,85,93,7.16
331038,Mendī,ET,9.8,35.1,72.52,37,94,4.03
2120245,Ugol'nyye Kopi,RU,64.7333,177.7,-22.0,76,20,6.71
2457163,Gao,ML,16.2717,-0.0447,82.71,12,0,11.07
2449067,Timbuktu,ML,16.7735,-3.0074,83.35,13,0,8.57
1850822,Taketomi,JP,24.3307,124.0851,66.2,68,20,3.44
5878818,Adak,US,51.88,-176.6581,35.6,87,90,4.61
4054566,Centreville,US,32.9446,-87.1386,57.81,33,1,3.44
1655842,Laos,LA,18.0,105.0,71.6,38,64,1.14
3148569,Laerdal,NO,61.098,7.4816,42.8,61,40,14.97
2663077,Vikarbyn,SE,60.9167,15.0167,38.39,100,100,3.44
1153427,Fang,TH,19.9169,99.2145,77.0,73,40,4.61
1796339,Shancheng,CN,36.9568,107.0266,48.87,43,55,13.65
5872126,Prudhoe Bay,US,70.2553,-148.3372,-10.12,77,90,23.02
577922,Belomorsk,RU,64.5232,34.7668,-15.03,90,100,5.48
1540356,Raduzhny,RU,62.0961,77.475,-10.12,90,100,7.16
2120059,Ust'-Kamchatsk,RU,56.2367,162.5189,22.53,98,99,10.04
886843,Mashonaland Central Province,ZW,-17.0,31.0,70.23,86,100,4.81
3399445,Forquilha,BR,-3.7983,-40.2606,79.86,79,21,4.52
8020335,Sindangsari,ID,-7.7983,108.2354,81.88,75,92,4.45
225282,Ali Sabieh Region,DJ,11.25,43.0,75.38,68,100,13.6
2126785,Belaya Gora,RU,68.5333,146.4167,-34.35,82,0,2.62
3412888,Stykkisholmur,IS,65.0757,-22.7297,36.09,85,100,10.54
1856586,Mori,JP,34.8333,137.9333,62.06,42,0,13.8
1786676,Yima,CN,34.7381,111.8839,75.0,99,1,12.55
876337,Cuando Cobango Province,AO,-15.9476,19.3832,66.38,85,96,5.08
2416085,Sangarédi,GN,11.1,-13.7667,90.37,27,97,4.5
3021716,Darney,FR,48.0866,6.0492,58.84,41,3,4.61
1280679,Luring,CN,32.2667,84.2,33.48,50,62,15.23
1066702,Besalampy,MG,-16.75,44.4833,77.41,83,100,2.55
355449,Esna,EG,25.2934,32.554,68.0,37,0,6.91
6912297,Sikoroni,ML,13.0211,-9.277,87.82,13,5,4.36
1516589,Dzhezkazgan,KZ,47.7833,67.7667,15.01,96,99,8.59
3345497,Uacu Cungo,AO,-11.3634,15.1208,70.99,71,61,5.14
5518239,Canyon,US,34.9803,-101.9188,45.36,42,1,6.91
2025256,Chumikan,RU,54.7183,135.315,7.54,90,13,12.82
3623602,Guácimo,CR,8.9484,-83.1096,73.69,78,51,1.59
324698,Akhisar,TR,38.9185,27.8401,48.99,40,0,9.31
893172,Chivhu,ZW,-19.0211,30.8922,69.24,78,100,5.53
2182010,Tairua,NZ,-37.0167,175.85,69.01,87,0,4.0
400745,North Eastern Province,KE,1.0,40.25,90.27,37,93,6.91
5989520,Kashechewan,CA,52.3,-81.6166,29.21,96,100,15.26
4691572,Flour Bluff,US,27.6739,-97.2789,64.98,77,90,13.8
524299,Murmashi,RU,68.8154,32.8115,-13.0,77,0,8.95
5490223,Santa Clara,US,32.7795,-108.1503,49.51,13,1,10.36
2091993,Madang Province,PG,-5.0,145.5,71.6,99,100,2.01
1502073,Krasnosel'kup,RU,65.7,82.4667,-25.1,85,85,6.13
3403687,Camocim,BR,-2.9022,-40.8411,80.19,85,100,10.98
3159107,Dombås,NO,62.0696,9.1235,37.02,84,99,7.45
1500816,Lebed',RU,62.0944,89.1864,-17.43,85,100,4.25
87205,Darnah,LY,32.767,22.6367,57.36,74,10,17.07
1811722,Enle,CN,23.9605,101.0826,59.11,64,79,1.57
6095788,Oxford House,CA,54.9485,-95.266,27.7,96,99,9.01
3662489,Santa Isabel Rio Negro,BR,-0.4139,-65.0192,77.2,93,94,2.84
6063363,Mackies,CA,48.2334,-90.0669,26.74,80,90,6.73
1219651,Lebap,TM,39.0,63.0,51.8,37,0,11.5
1283245,Karnālī Zone,NP,29.5,82.4167,24.8,82,0,4.7
1581047,Ha Tinh,VN,18.3333,105.9,68.79,80,73,6.22
2562816,Kerċem,MT,36.0419,14.2267,57.04,77,20,12.66
6100761,Pelly Crossing,CA,62.8303,-136.5813,-1.57,89,100,1.81
3625515,Valle de La Pascua,VE,9.2155,-66.0073,82.45,42,76,11.07
933491,Mabuli,BW,-25.7833,24.6,76.05,50,97,10.29
499539,Sadovoy,RU,45.0247,38.0156,34.95,60,75,4.23
4036024,Nasaqalau,FJ,-18.1833,-178.8,80.11,77,81,25.57
609537,Qaraton,KZ,46.4353,53.4864,24.48,92,100,10.31
2415702,Siguiri,GN,11.6667,-9.5,90.25,12,45,3.31
3738301,El Tarra,CO,8.5756,-73.0949,76.91,73,41,1.32
1493423,Russkaya Polyana,RU,53.7794,73.8806,-5.08,90,83,10.47
3672512,Peque,CO,7.0212,-75.9093,68.52,79,76,1.5
3461525,Ibotirama,BR,-12.1853,-43.2206,79.65,72,99,3.29
3452490,Poxoréo,BR,-15.8372,-54.3892,76.51,88,100,4.72
124193,Meybod,IR,32.2501,54.0166,59.0,18,40,6.91
3453025,Ponto Novo,BR,-10.8628,-40.1336,82.98,50,90,5.86
3388847,São Félix do Xingu,BR,-6.6447,-51.995,73.99,95,96,1.21
3170853,Pie' del Sasso,IT,42.9943,12.9989,52.48,58,0,2.3
361323,Faiyum Governorate,EG,29.3,30.5,60.08,42,0,8.68
3456642,Mozarlândia,BR,-14.7447,-50.5706,73.83,94,100,4.9
839750,Dederkoy,RU,44.055,39.1306,42.94,70,82,10.98
3337386,Vastra Gotaland County,SE,58.0,13.0,42.24,100,20,8.05
3397843,Rio Ivaí,BR,-1.3667,-52.1667,77.04,91,99,2.08
2651589,Daliburgh,GB,57.1667,-7.4,44.71,81,40,21.85
2597449,Kidal,ML,19.9167,1.0833,77.81,15,0,9.06
3671346,Puerto Yuca,CO,2.9383,-73.2083,86.4,42,95,3.76
3199525,Gromiljak,BA,43.9667,18.0531,51.8,54,0,5.75
5062292,Valley City,US,46.9233,-98.0032,36.14,64,1,6.91
336350,Goba,ET,7.0167,39.9833,55.58,71,79,3.51
7306515,Airok,MH,7.2772,168.8203,81.5,77,0,21.39
2079192,Green Head,AU,-30.0717,114.9672,80.33,51,0,21.32
5043181,Richards,US,46.8361,-95.9123,29.52,86,90,9.22
212360,Kongolo,CD,-5.3833,27.0,72.0,92,100,2.44
1835515,T’aebaek,KR,37.1759,128.9889,51.37,49,17,12.46
3686431,Departamento del Chocó,CO,6.0,-77.0,78.28,84,93,2.21
1268469,Kālānwāli,IN,29.85,74.95,74.03,19,60,4.34
494884,Shenkursk,RU,62.1091,42.896,-18.13,87,48,4.34
76699,Burum,YE,14.3636,48.9797,74.75,63,0,8.79
2650589,Dymchurch,GB,51.0254,0.9939,52.74,81,72,5.75
2162976,Hughenden,AU,-20.85,144.2,89.6,33,99,3.44
3731287,Taquari,BR,-9.8736,-67.9103,77.0,94,75,5.75
7306524,Lib,MH,8.3122,167.3766,84.2,70,40,19.57
2306774,San Antonio de Pale,GQ,-1.4014,5.6325,81.34,78,100,10.98
2031601,Dzogsool,MN,46.8,107.15,8.38,88,64,8.99
2091495,Manus Province,PG,-2.0,147.0,80.82,80,69,5.37
5869635,Napaimute (historical),US,59.4333,-154.8667,11.46,79,90,3.44
8030552,North Andros District,BS,24.7669,-78.0961,70.63,74,98,23.67
7536143,Saga,CN,29.3237,85.226,35.76,49,0,5.46
1337284,Lhuntse District,BT,27.75,91.1833,38.01,77,12,2.26
3648698,Bachaquero,VE,9.9694,-71.1494,83.17,63,60,4.07
6930874,Shikotan,RU,43.7999,146.7214,27.75,89,81,15.95
1796480,Shaanxi,CN,36.0,109.0,57.76,30,0,2.48
2475612,Tolga,DZ,34.7222,5.3785,71.6,14,20,18.41
5877208,Unalaska,US,53.8736,-166.5367,30.2,74,90,16.11
1278103,Awantipur,IN,33.9167,75.0167,48.25,61,79,1.63
7535696,Spitsbergen,SJ,78.0529,17.71,24.8,68,40,19.57
3904793,Santa Rosa,BO,-14.1667,-66.8833,77.0,94,90,6.64
1914024,Longlou,CN,19.6563,110.9646,75.2,60,0,11.18
2097418,Finschhafen,PG,-6.6024,147.8681,82.33,76,100,6.17
1081530,Ambodifotatra,MG,-16.9833,49.85,78.8,89,75,6.91
5116680,Essex,US,44.1001,-73.8163,19.92,62,1,2.24
3648789,Municipio Autonomo Atures,VE,5.6925,-67.3462,83.14,55,75,1.68
2167799,Eden,AU,-37.0667,149.9,69.64,94,94,4.61
2312249,Mushie,CD,-3.0167,16.9,84.11,57,95,2.77
6971554,Zhengkeng,CN,27.9922,119.7976,55.47,66,0,0.89
2539875,Oulad Al Haj,MA,31.9303,-4.4027,59.0,20,40,11.5
1512348,Yangirabot,UZ,40.0254,65.961,48.2,57,92,9.22
1672228,Magong,TW,23.5654,119.5863,66.45,62,2,4.59
2317277,Bas-Congo Province,CD,-5.5,14.5,78.64,85,91,0.72
5637146,Anaconda,US,46.1285,-112.9423,31.98,60,90,13.8
7267904,Saint Thomas Island,VI,18.3271,-64.9694,77.63,69,20,10.36
2700801,Kiruna Kommun,SE,68.1667,19.5,2.23,92,90,5.75
4017728,Bahía de Kino,MX,28.8333,-111.9333,69.87,27,3,7.0
2098948,Bueri,PG,-2.6597,152.0103,85.17,72,82,9.75
4034948,Utuloa,WS,-13.5081,-172.635,79.79,80,100,13.56
2170658,Cooktown,AU,-15.4667,145.25,75.88,93,100,3.67
6087210,Netla,CA,60.9502,-123.2698,-3.1,71,100,2.3
3446579,Terra Roxa,BR,-23.8557,-50.0314,72.1,77,43,2.8
64538,Bay,SO,3.0,43.5,91.89,23,67,10.87
6185024,Wyoming,CA,42.9501,-82.1165,25.45,68,90,14.97
4032420,Neiafu,TO,-18.65,-173.9833,80.6,78,40,5.75
562245,Gadzhiyevo,RU,69.2551,33.3362,-9.4,70,0,11.18
1276509,Bellary,IN,15.15,76.9333,72.88,67,98,14.32
2704114,Husum,SE,63.3333,19.1667,15.8,92,90,6.91
2018436,Onokhoy,RU,51.932,108.0747,5.0,51,90,8.95
2157641,Millmerran,AU,-27.8667,151.2667,89.6,27,0,14.97
71005,Sayhut,YE,15.2106,51.2456,73.9,59,50,9.22
1214204,Pematangsiantar,ID,2.9595,99.0687,74.77,86,70,2.8
2173910,Broken Hill Municipality,AU,-31.95,141.4333,91.4,25,0,14.97
2298528,Kwesimintsim,GH,4.9145,-1.7876,82.58,76,7,10.0
486645,Sukhobezvodnoye,RU,57.0491,44.8891,-1.7,92,100,2.48
606350,Byske,SE,64.9526,21.2058,12.6,85,90,8.05
3414079,Olafsvik,IS,64.8945,-23.7142,38.59,81,100,10.56
1304138,Ninglum,MM,25.2167,97.2333,79.83,32,0,0.2
3315550,Emlagh,IE,53.5542,-10.1344,45.93,82,0,21.0
2078024,Adelaide River,AU,-13.2379,131.1056,79.61,91,100,3.78
5866726,Kotzebue,US,66.8983,-162.5967,-10.08,70,1,5.75
5863850,Healy,US,63.8569,-148.9661,-7.6,71,1,3.44
