city id,city,country,lat,lon,temp_solar_noon,hum_solar_noon,cloudiness_solar_noon,windiness_solar_noon
1493756,Razdolinsk,RU,58.4211,94.6658,-11.0,87,62,5.35
2523116,Siculiana,IT,37.3344,13.4216,57.54,76,0,8.01
1489423,Tomskaya,RU,58.7844,64.1901,-9.26,88,99,6.24
5976257,Holman,CA,70.7342,-117.7546,-22.0,76,75,17.27
5865670,Kaktovik,US,70.1319,-143.6239,-9.4,77,90,37.98
6142001,Schefferville,CA,54.8002,-66.8318,8.6,61,40,16.11
1023656,Adelaide,ZA,-32.7075,26.2956,70.48,49,82,7.65
3575660,Pointe Michel,DM,15.25,-61.3833,76.75,94,40,3.44
1485020,Znamenskoye,RU,57.1281,73.8282,1.54,92,100,4.18
3468453,Cachoeira Alta,BR,-18.7633,-50.9417,91.72,40,32,1.61
5939211,Didyme,CA,48.9,-72.6656,15.49,20,16,5.75
1154677,Ban Tak,TH,17.0432,99.0813,86.0,30,83,2.3
3881895,Los Loros,CL,-27.8333,-70.1,85.48,16,0,10.74
5983577,Inukjuak,CA,58.4547,-78.1014,10.4,79,1,23.02
1264409,Mahbūbābād,IN,17.6167,80.0167,86.86,31,99,2.62
3436101,Partido de Arrecifes,AR,-34.0,-60.0,89.01,45,0,5.01
2032597,Bayan,MN,47.1667,110.8167,9.73,87,50,14.58
3420937,Qaarsut,GL,70.7333,-52.65,3.11,79,30,1.14
3859279,Doctor Rogelio Cortizo,AR,-40.7333,-65.0333,86.31,14,0,21.3
1638735,Laiwui,ID,-1.3518,127.6693,85.82,69,54,12.1
1640118,Ketapang Kecil,ID,-1.8333,109.9667,83.17,69,60,10.83
1083968,Ambalavao,MG,-21.8333,46.9333,82.47,57,47,6.82
1281437,Da Juh,CN,36.6,94.1,39.87,38,99,2.21
471308,Voyvozh,RU,62.892,54.9635,-24.47,85,98,5.77
2192521,Castlepoint,NZ,-40.9,176.2167,73.0,54,0,4.0
2014694,Tyrma,RU,50.0833,132.1667,8.91,89,96,3.89
1528249,Jalal-Abad,KG,40.9333,73.0,39.2,100,90,2.24
1905678,Tinh Ca Mau,VN,9.0833,105.0833,87.37,46,32,12.1
2208425,Zuwārah,LY,32.9312,12.082,69.53,28,100,4.21
3389353,Santarem,BR,-2.4431,-54.7083,80.6,78,75,9.22
1024701,Macia,MZ,-25.0269,33.0989,87.69,63,73,6.51
3923172,El Beni,BO,-14.0,-65.5,86.0,70,75,8.05
7902696,Novyye Plity,RU,54.4933,99.0021,8.64,84,87,1.9
1525988,Ayagoz,KZ,47.9714,80.4392,23.45,96,100,15.99
6092200,Obed,CA,53.5501,-117.2356,46.4,31,100,18.41
1488950,Turan,RU,52.1453,93.9192,9.59,88,15,1.21
3291507,Moanflugh,IE,51.9678,-8.9825,48.88,81,75,14.97
2034292,Uliastai,CN,45.55,116.8333,19.15,94,43,18.45
5891871,Baker Lake,CA,64.3201,-96.0212,-11.2,64,90,14.97
6170056,Tulita,CA,64.9308,-125.5003,-16.55,85,74,2.06
5930953,Coutts,CA,49.002,-111.963,36.81,64,3,25.32
2065594,Mount Isa,AU,-20.7333,139.5,91.4,43,0,12.66
6185811,Yukon Territory,CA,62.9996,-135.004,0.88,89,100,2.28
1638133,Leksula,ID,-3.7802,126.5171,86.25,63,47,12.17
1280485,Nangxian,CN,29.05,93.2,38.71,40,0,2.33
1688666,San Rafael,PH,13.0942,122.96,75.7,86,100,16.24
2328925,Niger State,NG,10.0,6.0,99.73,8,53,3.22
2141722,Bouloupari,NC,-21.8667,166.05,88.3,70,90,11.5
2654970,Brae,GB,60.3964,-1.353,46.4,81,0,23.02
4032243,Vaini,TO,-21.2,-175.2,84.2,70,20,13.8
1507390,Dikson,RU,73.5069,80.5464,-7.64,92,100,5.1
4199928,Helena,US,32.0738,-82.9146,60.91,33,40,10.36
7648112,Colonia,FM,9.5164,138.1217,86.0,79,40,11.5
7073137,Muzhijie,CN,33.9622,112.1652,75.88,18,0,8.7
3691954,Sechura,PE,-5.5569,-80.8222,83.03,48,4,10.63
1793724,Tai’an,CN,36.1853,117.12,66.63,30,0,9.24
5861202,Eagle Village,US,64.7806,-141.1136,-16.6,63,1,0.92
631780,Vieremä,FI,63.8384,26.997,5.0,78,0,16.11
1580541,Hoi An,VN,15.8794,108.335,77.0,61,20,6.91
5847387,Kahuku,US,21.6803,-157.9511,80.64,57,40,14.97
533964,Loukhi,RU,66.0764,33.0381,-12.66,89,100,7.67
7645768,Sorol,FM,8.1435,140.394,82.44,81,99,21.9
2152721,Pooncarie,AU,-33.3833,142.5667,90.7,31,28,3.38
1569805,Tinh Phu Yen,VN,13.1667,109.1667,71.65,74,74,9.19
7670994,Kayangel,PW,8.0823,134.7173,82.92,76,84,10.4
3924826,Rondônia,BR,-10.8667,-61.95,75.36,95,100,3.94
503254,Radishchevo,RU,52.85,47.8833,-0.51,89,87,0.72
382250,Sabun,SS,4.5361,29.2578,93.4,13,100,6.29
3446232,Tramandaí,BR,-29.9847,-50.1336,79.47,62,0,10.63
1507636,Chunskiy,RU,56.0815,99.6342,-1.62,87,98,6.24
1129678,Qarah Bāgh,AF,34.9402,61.7759,44.35,60,54,12.35
2380519,Chingueṭṭi,MR,20.4404,-12.2622,83.16,12,0,6.78
1254133,Tuensang,IN,26.2833,94.8333,77.2,28,0,3.94
506528,Popov,RU,48.1818,42.8533,31.48,84,97,12.93
7839404,Katherine,AU,-14.6501,132.1741,86.0,74,75,13.8
370247,Medingbor,SS,6.4598,29.3997,95.88,9,94,6.85
2126682,Bilibino,RU,68.0546,166.4372,-18.4,72,0,1.92
98862,An Najaf,IQ,31.25,43.8333,59.85,39,0,11.95
6161366,Taloyoak,CA,69.5372,-93.5211,-27.4,68,75,11.5
2027748,Amur Oblast,RU,54.0,128.0,-0.53,87,0,3.89
1182998,Bela,PK,26.2271,66.3111,89.01,11,2,3.78
2524459,Lampedusa,IT,35.5,12.6,60.8,100,24,17.27
1529195,Shihezi,CN,44.3,86.0333,31.59,99,99,3.69
1270351,Haridwar,IN,29.9667,78.1667,77.0,41,34,6.98
2199295,Northern,FJ,-16.5,179.5,84.31,62,94,7.94
2259947,Gamboma,CG,-1.8764,15.8644,95.94,38,95,2.42
110831,Āzādshahr,IR,37.087,55.174,46.4,81,90,5.97
1492810,Seliyarovo,RU,61.2906,70.3425,-9.63,88,100,4.68
5861836,Eureka Roadhouse,US,61.9386,-147.1681,5.07,90,99,0.92
3422891,Ittoqqortoormiit,GL,70.4846,-21.9622,27.5,95,95,12.97
2344415,Duku,NG,11.2361,4.9073,96.01,9,29,4.21
2080422,Jabor,MH,5.921,169.6434,81.81,75,10,24.2
1629652,Riau,ID,0.5005,101.749,86.0,58,75,6.91
355005,Al Jubayl,EG,28.1984,33.6314,67.26,37,0,20.71
1267772,Karhal,IN,27.0003,78.9414,83.44,17,0,7.61
5653884,Gateway (historical),US,48.9991,-115.1732,37.71,79,100,9.26
1337606,Eydhafushi,MV,5.1033,73.0708,82.17,70,99,10.36
88319,Benghazi,LY,32.1167,20.0667,60.66,54,0,5.23
5543199,Millard,US,39.1255,-113.1252,38.95,32,1,6.91
1214488,Meulaboh,ID,4.1363,96.1285,87.42,62,86,8.08
3630473,Pedregal,VE,11.0204,-70.1206,90.37,34,61,12.03
117656,Salmās,IR,38.1973,44.7653,33.8,69,75,13.8
1789053,Xingao,CN,39.0261,112.9616,58.62,29,2,5.73
2270408,Calheta,PT,32.7167,-17.1833,59.14,51,40,5.75
2250677,Kayar,SN,14.9192,-17.1211,78.06,32,0,16.11
779350,Karasjok,NO,69.4719,25.5112,3.2,66,0,25.32
288602,Camp,OM,20.6667,58.8833,75.45,71,0,9.95
2476403,Timimoun,DZ,29.2639,0.231,84.2,12,40,34.52
2023584,Imeni Poliny Osipenko,RU,52.4201,136.4853,8.76,91,3,2.82
1219899,Amansha,TM,37.6333,61.9,46.4,46,0,4.61
2038665,Alihe,CN,50.5667,123.7167,13.78,90,100,0.74
1279982,Sima,CN,31.9833,91.0833,32.86,50,90,10.94
192950,Kenya,KE,1.0,38.0,89.06,39,74,16.08
3855715,Eugenio Bustos,AR,-33.7773,-69.0704,81.45,33,0,13.6
1505991,Igarka,RU,67.4667,86.5833,-27.58,85,96,9.19
1813419,Datuo,CN,28.05,112.95,75.2,43,0,6.71
5877395,Valdez-Cordova Census Area,US,61.5006,-144.5006,4.87,93,99,4.32
2280761,Tiassalé,CI,5.8983,-4.8283,95.2,35,4,2.89
3938526,Ica,PE,-14.3325,-75.4997,81.77,33,20,6.24
1114929,Bukhara,UZ,40.0,64.0,48.2,66,0,9.22
2027316,Ayan,RU,56.45,138.1667,3.99,83,92,5.95
2122894,Nevel'sk,RU,46.6733,141.8633,28.4,64,40,6.71
527299,Mezhdurechensk,RU,63.2456,48.5533,-17.25,84,48,4.18
286245,Sur,OM,22.5667,59.5289,80.73,34,6,7.58
933366,Maun,BW,-19.9833,23.4167,73.4,100,90,6.91
1623197,Tual,ID,-5.6667,132.75,83.44,77,36,17.49
2356982,Province de l’Oudalan,BF,14.6667,-0.3333,88.39,10,2,15.64
691497,Tlumach,UA,48.864,25.0033,33.4,93,40,4.07
2729907,Longyearbyen,SJ,78.2186,15.6401,24.8,68,40,14.97
1794831,Shizikou,CN,29.9872,112.013,77.0,35,9,9.22
1498087,Nadym,RU,65.5333,72.5167,-27.33,83,96,6.04
8054118,Mositai,CN,45.5363,119.6697,25.39,94,100,8.14
319487,Çandarlı,TR,38.935,26.934,50.43,62,0,3.44
2490138,Marhoum,DZ,34.4468,-0.1947,64.13,28,97,36.15
3141682,Rjukan,NO,59.8789,8.5941,36.63,1,100,10.0
1490918,Staryy Nadym,RU,65.6118,72.6842,-27.53,83,88,5.88
1529595,Beishanyanchi,CN,44.7667,91.2333,35.98,73,11,1.95
5947462,Eldorado,CA,59.5505,-108.5016,15.8,79,100,3.94
3858677,El Calafate,AR,-50.3408,-72.2768,50.31,71,98,0.81
2012530,Zhigansk,RU,66.7697,123.3711,-28.77,82,84,6.2
576093,Blagoyevo,RU,63.3667,47.9167,-17.19,84,35,4.27
3122806,Establés,ES,41.0077,-2.0244,54.03,100,90,17.27
3874982,Puerto Cisnes,CL,-44.75,-72.7,52.3,81,100,6.33
2258534,Lekoumou Department,CG,-3.0,13.5,85.96,57,100,3.33
5969475,Hall Beach,CA,68.7913,-81.236,-5.8,77,20,10.36
1861661,Imazu,JP,36.1667,133.3167,58.8,76,0,26.73
8018194,Putrajawa,ID,-7.0054,108.0109,81.75,67,76,5.19
2147554,Tallimba,AU,-34.0,146.8833,92.62,25,0,6.15
4968996,Knox,US,43.8501,-69.3328,29.52,37,1,8.05
4881551,West Union,US,42.9628,-91.8082,24.69,86,20,9.22
7582820,Linha Floresta,BR,-25.1131,-53.8626,81.46,67,9,6.55
5984875,Ivujivik,CA,62.4174,-77.9159,3.07,92,100,24.18
5848652,Kaunakakai,US,21.0933,-157.0239,78.44,61,40,13.8
380173,Ed Damer,SD,17.5928,33.9592,78.84,21,0,12.26
1279812,Wangda,CN,29.6833,97.9,32.61,48,0,3.38
5131073,Phelps,US,42.9576,-77.0575,29.14,51,1,3.44
3792383,Agustin Codazzi,CO,10.0341,-73.2361,94.19,33,4,5.23
5577158,Fort Morgan,US,40.2503,-103.8,38.53,38,1,24.16
1785694,Yunnan Province,CN,25.0,102.0,66.99,33,100,7.85
2334018,Konkwesso,NG,10.8469,4.0984,93.74,10,26,4.54
3422887,Ittorisseq,GL,70.45,-22.45,29.3,95,99,16.87
3395042,Mazagão,BR,-0.115,-51.2894,84.2,74,75,2.3
203717,Yangambi,CD,0.8102,24.4336,98.71,29,63,1.16
2082282,State of Chuuk,FM,7.454,151.805,86.0,79,90,10.36
1267939,Kapadvanj,IN,23.0167,73.0667,91.26,11,0,9.26
3418910,Upernavik,GL,72.7868,-56.1549,-20.58,86,96,13.62
2029558,Ovoot,MN,45.3042,113.8498,15.89,94,74,15.3
5836068,Rawlins,US,41.7911,-107.2387,24.26,68,90,33.38
2210554,Sirte,LY,31.2089,16.5887,62.51,36,1,4.9
5866302,Kinegnak (historical),US,58.65,-162.2,-0.4,85,75,13.8
2307145,Nsok,GQ,1.1299,11.266,91.72,44,99,1.83
2309528,Luba,GQ,3.4568,8.5547,89.6,48,20,6.91
5359595,Inverness,US,38.101,-122.8569,61.63,42,1,6.91
5846871,Gustavus,US,58.4133,-135.7369,39.97,81,75,16.11
226853,Paidha,UG,2.4167,30.9855,84.58,23,100,8.59
3671348,Puerto Rico,CO,1.9142,-75.145,90.93,42,85,3.38
5840786,Teton,US,43.9166,-110.5841,26.38,63,90,20.71
481548,Troitsko-Pechorsk,RU,62.7084,56.1964,-22.74,86,100,6.06
1489853,Tazovsky,RU,67.4667,78.7,-32.35,83,79,2.82
7602866,Borkou Region,TD,18.25,18.5,76.06,17,96,20.0
352603,Matruh Governorate,EG,29.7,27.5,60.96,41,0,1.68
2076017,Borroloola,AU,-16.0667,136.2833,88.16,61,87,8.77
3363441,Ocean View,ZA,-34.1486,18.3536,70.86,46,40,18.41
780524,Burfjord,NO,69.938,22.0521,9.3,61,75,13.8
2022572,Khatanga,RU,71.9667,102.5,-21.06,87,94,9.33
2074865,Carnarvon,AU,-24.8667,113.6333,86.0,74,45,17.27
114593,Susa,IR,32.1942,48.2436,69.04,26,0,14.25
2906649,Helse,DE,53.9833,9.0,57.99,51,75,8.05
2809944,Wetterzeube,DE,51.0,12.0167,58.69,48,0,6.91
3556334,Jatibonico,CU,21.9419,-79.17,85.06,50,7,15.66
7905767,Nāḩiyat as Sab‘ Biyār,SY,33.5323,38.0082,48.54,51,100,5.82
6149013,Skookumchuck,CA,49.9166,-115.7354,36.36,56,90,19.57
2013727,Vanavara,RU,60.34,102.2797,-11.24,87,100,4.32
1270543,Hāflong,IN,25.1833,93.0333,84.6,25,0,2.86
8030386,Safende,CV,15.369,-25.8398,71.08,75,0,22.08
606714,Backa,SE,64.9833,21.0667,11.68,92,90,6.91
1490256,Talnakh,RU,69.4865,88.3972,-25.24,79,94,4.16
5955840,Fort Good Hope,CA,66.257,-128.6374,-18.72,84,0,1.21
1728675,Balabac,PH,7.9868,117.0645,80.64,63,36,7.25
1966827,Kali,ID,1.1627,121.4278,84.24,66,83,10.27
4174280,Summerfield,US,29.0086,-82.0348,70.52,43,75,12.66
3661980,Tarauaca,BR,-8.1614,-70.7656,75.69,96,98,1.77
7521903,Banana Village,KI,1.9833,-157.3653,82.4,78,75,12.66
2381659,Aleg,MR,17.0481,-13.9209,93.65,8,0,12.86
5880054,Barrow,US,71.2906,-156.7887,-5.8,77,90,16.11
6354929,Tom Price,AU,-22.6939,117.7931,98.6,28,26,13.8
1275920,Bhīnmāl,IN,25.0,72.25,90.1,11,1,0.56
1524296,Esil,KZ,51.9556,66.4042,-5.48,90,28,7.11
6949250,La Grande-4,CA,53.756,-73.6798,14.0,62,1,19.57
1622167,Wamena,ID,-3.9167,138.7333,66.61,77,100,4.45
2231565,Fontain,CM,5.7333,10.9167,88.79,20,57,5.19
4274450,Lincoln,US,39.0408,-98.1448,45.09,53,40,27.63
6065460,Manson Creek,CA,55.6665,-124.4865,37.99,77,98,19.35
5945789,East LaHave,CA,44.3168,-64.3654,28.02,59,38,18.41
780686,Berlevåg,NO,70.8581,29.0853,10.4,67,0,29.93
3025149,Chilly,FR,45.9933,5.9534,55.24,41,0,0.67
4034749,Wallis et Futuna,WF,-13.3,-176.2,80.13,87,100,20.18
2178253,Adventure Bay,AU,-43.3667,147.3333,71.46,64,20,12.66
6049953,La Reine,CA,48.8669,-79.4997,23.95,94,35,13.42
6151989,Southend Reindeer,CA,56.3169,-103.2341,33.8,60,85,5.75
2123278,Mil'kovo,RU,54.7167,158.6167,19.83,94,100,6.08
1279715,Xigaze,CN,29.25,88.8833,45.61,25,59,3.24
2121373,Seymchan,RU,62.8833,152.4333,-21.55,78,68,1.99
1279860,Darya Boyi,CN,38.3833,82.0,54.86,30,0,6.13
5992044,Kimball,CA,49.0833,-113.2019,39.2,56,90,35.68
3133145,Utsira,NO,59.3057,4.8862,46.11,87,40,14.97
2377457,Nouadhibou,MR,20.931,-17.0347,73.4,64,0,19.57
2705718,Högsby,SE,57.166,16.0256,40.86,93,20,10.36
5974227,Heron Bay,CA,48.6668,-86.2832,29.34,80,96,10.36
7626930,Sokehs Municipality,FM,6.9327,158.1427,84.2,74,75,8.05
1790534,Changning,CN,35.9798,110.8221,56.52,31,27,11.01
2101169,Aitape,PG,-3.1374,142.3475,85.39,68,98,3.06
2030251,Ihbulag,MN,43.2,107.2,42.01,57,79,9.06
101627,Tabuk,SA,27.5,37.3333,55.11,36,0,8.77
2071379,Forrest,AU,-30.85,128.1,77.0,36,0,10.36
1695546,Pandan,PH,14.0453,124.1694,76.62,90,100,17.07
8079140,Tambakrejo,ID,-8.3111,112.1429,83.64,67,87,5.08
6547288,Jerada,MA,34.2366,-2.0428,64.4,45,75,9.22
3383337,Distrikt Para,SR,5.4167,-55.3333,87.87,58,40,10.36
99350,Al Ḩayy,IQ,32.1735,46.0433,66.7,34,0,13.27
4975418,Piscataquis,US,45.8,-69.2995,25.41,50,11,14.97
6113467,Prince William,CA,45.9168,-67.0489,28.35,29,1,8.05
2122605,Okhotsk,RU,59.3833,143.3,8.33,86,100,10.2
5955950,Fort Severn,CA,55.9835,-87.6332,28.4,69,1,19.57
2098322,Dasi,PG,-2.7,141.3,84.42,73,99,3.15
3838854,Río Grande,AR,-53.7877,-67.7095,46.4,61,90,8.05
3670745,Riohacha,CO,11.5444,-72.9072,84.33,56,52,11.34
1500933,Labytnangi,RU,66.6572,66.4183,-26.25,84,96,2.48
1100188,Damião,MZ,-22.0228,35.3153,87.42,89,75,9.22
6202181,Milford Sound,NZ,-44.6684,167.92,71.58,36,0,6.69
5948965,Ennadai,CA,61.1338,-100.8842,6.8,85,92,11.5
2016733,Shestakovo,RU,56.4915,103.96,-2.76,85,100,6.93
5790164,Clallam,US,48.0498,-123.8346,49.35,71,40,8.48
111821,Yazd,IR,32.5,55.5833,58.08,30,0,6.11
609919,Quryq,KZ,43.2,51.65,37.54,76,84,7.2
2515493,Las Cabezas de San Juan,ES,36.9838,-5.9393,51.57,100,75,6.91
5489698,San Juan,US,36.9992,-109.0409,35.6,38,1,9.22
3572601,Cooper's Town,BS,26.8667,-77.5167,66.65,72,95,27.22
2215210,Al Burayqah,LY,30.4062,19.5739,62.49,45,0,2.91
3980124,Villa Unión,MX,23.9667,-104.0333,75.2,11,1,6.91
69769,Usaylan,YE,15.032,45.8283,78.3,26,0,7.18
2014833,Tura,RU,64.2833,100.25,-22.86,80,32,3.94
1627035,Simpang,ID,-1.2667,104.0833,85.64,64,79,7.31
2634428,Western Isles,GB,57.6667,-7.1667,46.63,76,40,34.52
5994519,Kuujjuarapik,CA,55.2836,-77.7495,23.0,63,1,16.11
3997747,Los Garza,MX,28.0833,-100.3667,64.36,55,1,4.18
6422131,Huangtang,CN,26.0394,112.035,70.63,54,26,6.15
3692994,Quiruvilca,PE,-7.9667,-78.2,52.9,43,37,3.76
4582287,Horry County,US,33.9168,-78.9831,44.62,39,1,3.44
5924351,Clyde River,CA,70.4692,-68.5914,-23.8,76,40,8.05
2110418,Yaren,NR,-0.5472,166.916,81.34,78,11,12.82
580707,Arzhanovskaya,RU,50.1152,42.3521,25.29,73,100,7.09
471160,Voznesen'ye,RU,61.0106,35.4781,3.45,93,100,12.46
2013279,Vostok,RU,46.4856,135.8833,10.42,92,99,4.5
3164175,Villanova,IT,45.0265,9.9985,53.85,100,75,1.14
1128239,Rūdbār,AF,30.15,62.6,76.03,22,76,8.43
2018069,Peleduy,RU,59.6289,112.7406,-13.52,84,100,5.55
2566016,Inga,CG,-4.2464,15.2286,84.2,70,40,5.75
88903,Al Marj,LY,32.488,20.8317,58.21,59,5,10.04
480267,Turki,RU,51.987,43.2731,15.01,95,100,5.03
1651461,Amuntai,ID,-2.4177,115.2494,94.05,48,67,1.81
2063176,Point Samson,AU,-20.6333,117.2,92.39,54,69,7.47
1797039,Rulong,CN,30.9418,100.3096,47.7,37,0,3.31
3608828,Iralaya,HN,15.0,-83.2333,84.2,79,40,9.22
4166208,North Key Largo,US,25.2673,-80.3234,74.55,50,40,26.46
1269578,Jagdalpur,IN,19.0667,82.0333,86.09,22,22,7.11
3668562,Santa Rita,CO,4.8678,-68.3611,94.44,41,17,5.66
6533958,es Mercadal,ES,40.0415,4.1218,60.8,82,75,21.85
588879,Saare,EE,58.25,22.4667,40.21,93,40,6.91
2453514,Ménaka,ML,15.9182,2.4022,86.88,11,15,15.08
2493455,Illizi Province,DZ,26.8333,8.1667,78.8,9,0,4.61
2138410,Saint-Joseph,NC,-20.4,164.5667,85.46,68,100,4.94
2422442,Dabola,GN,10.75,-11.1167,95.07,19,0,5.59
1282256,Hithadhoo,MV,-0.6,73.0833,82.15,78,99,15.7
1263528,Marhaura,IN,25.9667,84.8667,77.0,41,0,5.75
1506938,Erzin,RU,50.261,95.1623,16.47,85,0,3.6
5886735,Arctic Bay,CA,73.0347,-85.1663,-11.2,64,97,14.97
6942826,La Paz,MX,24.1333,-110.3,72.75,35,1,18.41
5301067,Kingman,US,35.1894,-114.053,57.31,22,1,6.91
218229,Bongandanga,CD,1.5,21.05,100.67,25,99,2.1
2377539,Nema,MR,16.6162,-7.2535,95.27,9,0,16.49
187896,Mandera,KE,3.9366,41.867,91.98,23,37,10.04
1535379,Novoishimskiy,KZ,53.1981,66.7694,-6.57,89,28,9.24
3952372,Chuquitira,PE,-17.2878,-70.045,49.03,61,99,4.76
1266991,Khāpri,IN,21.05,79.0333,84.2,34,51,5.75
2029118,Suugaant,MN,45.5326,107.0455,32.34,71,60,7.34
2019718,Mukhen,RU,48.1,136.1,13.57,92,100,6.29
2450849,Sokolo,ML,14.7328,-6.1219,95.65,9,0,15.32
3862254,Catriel,AR,-37.8791,-67.7956,86.59,13,0,6.85
3841894,Paso de Indios,AR,-43.8623,-69.046,64.44,28,58,33.11
1917124,Xiaozhen,CN,23.9854,114.026,74.61,41,12,4.76
4030699,Pitcairn Islands,PN,-25.0667,-130.1,77.67,69,80,4.09
3659210,Chinchipe,EC,-2.2,-81.0,78.8,78,75,8.05
4675536,Bolivar Peninsula,US,29.4783,-94.5799,64.58,63,90,11.5
2634950,Virkie,GB,59.8833,-1.3,46.4,81,0,23.02
2473803,El Borma,TN,31.6917,9.2062,73.45,18,0,8.48
3558315,Gibara,CU,21.1097,-76.1317,80.6,65,75,14.97
6620042,L'Oudon,FR,48.9971,0.0097,56.3,62,0,9.22
4036495,Nikao,CK,-21.2067,-159.8094,82.4,78,75,5.75
1262062,Naliya,IN,23.2667,68.8333,90.59,12,0,5.57
6091069,Northwest Territories,CA,69.5006,-121.5044,-23.8,76,100,11.5
1626542,Sorong,ID,-0.8833,131.25,83.23,70,97,4.05
3421193,Paamiut,GL,61.994,-49.6678,11.32,87,88,9.4
2474871,Zaouia Sidi Bekri,DZ,27.7925,-0.2468,88.41,12,23,26.28
3572603,Congo Town,BS,24.1667,-77.5833,72.86,80,88,29.77
5462567,Colfax,US,36.8756,-105.1261,30.49,36,40,21.85
7302494,Nai Harn,TH,7.7786,98.3066,87.91,48,20,17.27
1996551,Riau Islands,ID,0.6167,106.9833,79.9,82,89,16.67
5887666,Asinkaanumevatt,CA,52.2581,-96.8525,30.2,55,66,6.91
1807687,Huaicheng,CN,23.9051,112.1931,81.28,41,13,2.93
1508961,Borki,RU,58.4858,92.0823,-10.43,86,79,2.86
1271940,Farrukhnagar,IN,17.0778,78.2011,79.52,57,75,6.91
2067890,Laverton,AU,-28.6333,122.4167,87.46,18,0,12.88
1213530,Tanjungtiram,ID,4.0613,98.3699,87.8,66,40,12.66
5062096,Stutsman,US,46.9583,-98.9336,42.06,39,1,12.66
5989203,Kangiqsualujjuaq,CA,58.6914,-65.9525,5.0,72,75,8.05
1260771,Palāsa,IN,18.7667,84.4167,87.55,30,67,13.49
1213721,Sinabang,ID,2.4803,96.3801,86.85,63,92,3.33
3003045,Le Palais,FR,47.3456,-3.1541,55.49,82,20,12.66
744873,Kagizman,TR,40.1567,43.1342,18.32,73,0,4.61
7654016,Mmale,BW,-22.2827,26.9834,87.91,39,100,9.64
1143816,Dasht-e Qal‘ah,AF,33.03,63.8394,60.24,33,100,7.27
4025994,Coahuayana de Hidalgo,MX,18.7,-103.6583,78.8,47,1,7.72
2077456,Australia,AU,-25.0,135.0,100.49,14,0,5.84
1643812,Gotalalamo,ID,2.0333,128.3167,85.06,66,100,7.07
1529531,Dunhuang,CN,40.1667,94.6833,53.08,34,31,8.57
2476301,Tindouf,DZ,27.6711,-8.1474,68.0,42,40,27.63
132142,Ostān-e Hamadān,IR,34.8333,48.5833,39.2,56,75,4.61
480453,Tumbotino,RU,55.9993,43.0236,3.11,72,0,4.47
2017384,Rudnaya Pristan',RU,44.3614,135.8116,23.36,82,1,6.89
664902,Titeşti,RO,45.0167,25.0,46.99,62,40,6.29
3665361,Amazonas,BR,-5.0,-63.0,91.65,47,90,3.2
1309611,Myeik,MM,12.4333,98.6,90.63,35,64,4.99
5983202,Inglis,CA,50.9447,-101.252,20.37,97,0,10.8
7037155,Wonorejo,ID,-8.0691,113.0708,80.92,67,60,4.18
3473817,Porto Velho,BR,-32.0333,-52.0917,82.71,69,75,11.5
1641977,Kalianget,ID,-7.05,113.9333,85.77,70,95,10.42
1152562,Kui Buri,TH,12.0828,99.8543,86.0,51,20,4.61
609862,Atyraū Oblysy,KZ,47.0,52.0,21.2,79,0,6.71
148617,Aghdam Rayon,AZ,40.0,47.0,41.4,67,79,11.25
1816373,Bijie,CN,27.3125,105.2942,57.49,69,94,2.98
2399001,Mayumba,GA,-3.432,10.6554,82.38,77,80,9.33
2028357,Ulaan-Uul,MN,46.0674,100.8172,26.22,82,0,12.44
2018813,Novyy Uoyan,RU,56.1572,111.7056,0.84,84,100,1.45
6126200,Rochfort Bridge,CA,53.9169,-115.0355,42.8,45,90,11.5
779622,Havoysund,NO,70.9963,24.6622,12.2,67,0,11.5
2015913,Suntar,RU,62.1444,117.6319,-19.32,85,99,5.08
1280878,Kangxiwar,CN,36.2,78.7667,33.04,52,0,10.92
1525736,Barshatas,KZ,48.1697,78.6614,9.0,93,31,3.53
1501706,Krutikha,RU,53.9599,81.2093,2.28,92,100,11.56
1688119,Santa Josefa,PH,7.9911,126.03,75.63,92,100,1.95
6116548,Rankin Inlet,CA,62.8173,-92.0832,-3.75,71,75,9.22
2333064,Kuta,NG,9.8667,6.7167,100.17,8,2,2.48
1281019,Hotan,CN,37.0997,79.9269,56.28,29,0,3.83
2830425,Spindelwag,DE,48.0,10.0,52.05,50,0,4.61
3919884,Colchani,BO,-20.3,-66.9333,62.19,39,14,5.84
1637001,Luwuk,ID,-0.9516,122.7875,87.75,55,92,2.46
1799319,Niuchehe,CN,29.0485,110.975,72.86,51,35,9.82
443187,Karaman Province,TR,37.0833,33.25,26.24,88,100,8.68
8054418,Shangdu,CN,42.25,116.008,33.58,89,0,12.62
151610,Ngorongoro,TZ,-3.2397,35.4875,64.0,85,100,1.32
1054329,Vangaindrano,MG,-23.35,47.6,87.48,68,6,8.66
5974962,Highland Grove,CA,45.0668,-78.0828,26.02,54,58,4.61
96994,Dahuk,IQ,36.8695,42.994,44.44,57,61,5.95
3929520,San Juan de Marcona,PE,-15.3653,-75.1622,74.52,66,59,14.29
1337619,Ugoofaaru,MV,5.6667,73.0,82.67,69,92,10.58
3357114,Grootfontein,NA,-19.5667,18.1167,65.08,90,100,11.63
3854988,Gobernador Costa,AR,-44.0499,-70.598,58.19,36,31,33.78
2029624,Ongon,MN,46.9826,103.7839,12.97,93,100,4.83
7645217,Losap,FM,6.894,152.74,82.44,77,62,21.36
908734,Lyembo,ZM,-14.2333,28.2333,75.45,81,100,5.12
1499385,Manzya,RU,58.4922,96.2617,-7.74,85,50,5.21
146183,Perivólia,CY,34.8292,33.5833,57.87,44,40,17.27
3581511,Orange Walk District,BZ,17.8333,-88.8333,66.99,100,90,4.61
2016443,Skovorodino,RU,53.9833,123.9167,1.38,85,91,3.53
295629,Ashdod,IL,31.8167,34.65,60.12,39,20,6.91
5927708,Coral Harbour,CA,64.1341,-83.1662,6.8,85,90,3.44
5877543,Wainwright,US,70.6369,-160.0383,-13.97,90,100,13.2
519705,Novaya Derevnya,RU,63.9011,38.0602,-13.74,86,2,6.4
2322552,Takum,NG,7.2667,9.9833,96.15,10,64,6.26
3495684,Oviedo,DO,17.8014,-71.401,82.4,69,40,16.11
3516522,Soto la Marina,MX,23.7667,-98.2167,79.0,49,0,17.0
3674293,Mosquera,CO,2.5086,-78.4511,82.13,70,22,8.5
5983720,Iqaluit,CA,63.7506,-68.5145,-16.6,76,90,3.44
2025197,Dada,RU,49.1678,136.4726,9.68,94,99,8.93
3831682,Dundas,GL,76.55,-68.8,-22.52,67,0,1.99
2013465,Verkhoyansk,RU,67.5447,133.385,-28.88,77,25,0.69
2035189,Sanchahe,CN,44.9631,126.0153,19.96,97,100,15.14
5650429,Eden,US,47.27,-111.2722,38.82,56,1,28.77
2524842,Domus de Maria,IT,38.944,8.8635,62.87,72,0,16.11
3863503,Cafayate,AR,-26.073,-65.9761,71.76,55,67,7.85
1510695,Baykalovsk,RU,70.69,83.62,-30.55,84,41,2.8
2094342,Kavieng,PG,-2.5744,150.7967,84.94,73,0,9.89
1843491,Iksan,KR,35.9439,126.9544,65.19,42,0,18.7
5870308,North Slope,US,69.2506,-152.0006,-15.74,88,91,10.85
2290609,Dabakala,CI,8.3667,-4.4333,97.05,9,21,5.21
71687,Rudum,YE,14.0851,47.7431,79.84,46,52,7.02
6157570,Stony Rapids,CA,59.2603,-105.8351,17.6,79,75,3.44
2068145,Kulpara,AU,-34.0667,138.0333,73.0,45,36,7.0
3986553,San Jerónimo de Juárez,MX,17.1333,-100.4667,85.84,41,0,8.88
3832376,Yacimiento Río Turbio,AR,-51.5732,-72.3508,51.8,82,90,8.05
1265534,Kurāra,IN,25.9833,79.9833,84.97,16,0,7.58
80509,Al Bardīyah,LY,31.7561,25.0865,59.23,53,49,10.4
3437689,Naranjal,PY,-25.9667,-55.1833,93.2,40,0,10.36
3874943,Quellón,CL,-43.1167,-73.6167,59.0,72,40,5.75
211384,Longanio,CD,-2.25,23.3,85.08,51,80,2.04
841412,Yuzhnyy,RU,45.0222,41.0097,31.73,99,3,5.23
1270118,Hesla,IN,24.0667,85.8833,82.67,17,39,7.11
1788491,Xinzhai,CN,36.9428,107.9476,56.88,31,52,11.21
3027582,Chalabre,FR,42.9825,2.0054,56.37,72,90,12.66
2315417,Inongo,CD,-1.95,18.2667,80.35,57,57,2.35
2282006,San-Pédro,CI,4.7485,-6.6363,81.12,83,73,7.96
5971679,Harty,CA,49.4835,-82.6831,26.6,59,75,14.97
102527,Sakakah,SA,29.9697,40.2064,57.2,44,0,11.5
4923096,Lynn,US,40.0498,-84.9397,30.58,74,1,13.8
3153910,Hansnes,NO,69.9624,19.6186,16.45,68,0,27.63
2215636,Libya,LY,25.0,17.0,67.14,24,0,9.22
2110384,Funafuti,TV,-8.5172,179.1305,84.2,84,90,5.75
4030656,French Polynesia,PF,-15.0,-140.0,81.68,66,64,10.04
1298480,Sagaing Region,MM,23.5,95.5,95.92,23,30,1.54
215771,Isiro,CD,2.7739,27.616,87.28,27,99,3.74
6116154,Raleigh,CA,51.5668,-55.7313,3.07,66,40,14.97
780166,Finnmark,NO,70.0,25.0,5.77,66,0,25.32
2064155,Onslow,AU,-21.65,115.1,91.8,50,37,6.91
2032490,Bayan-Ovoo,MN,49.0167,111.6333,10.69,81,0,21.5
2093846,Kiunga,PG,-6.1219,141.2906,94.1,48,100,2.04
3397873,Itaú,BR,-5.8397,-37.9928,92.62,41,9,9.46
579432,Balezino,RU,57.9796,53.0106,-2.7,89,98,5.26
396460,Khushaybī al Ḩaḑar,SA,25.7621,43.2835,71.19,37,0,7.23
2017370,Russia,RU,60.0,100.0,-6.75,87,100,3.89
3463120,Formoso,BR,-14.9467,-46.2319,79.3,63,89,9.35
3690733,Yauya,PE,-8.9833,-77.3,60.57,42,83,4.23
5350605,Frazier Park,US,34.8228,-118.9448,53.15,27,1,19.57
2176715,Barringun,AU,-29.0167,145.7167,96.24,20,0,10.92
2025630,Chara,RU,56.9064,118.2631,-11.52,80,46,2.19
3479308,Paind do Araguaia,BR,-11.4403,-50.3142,78.55,82,100,4.88
4956915,Ash Point,US,44.0556,-69.0867,28.92,43,1,9.22
1516593,Zhezdi,KZ,48.0644,67.0539,16.3,91,100,13.53
1736305,Kuala Kedah,MY,6.1,100.3,89.53,48,20,6.91
3424607,Tasiilaq,GL,65.6145,-37.6368,33.8,80,75,28.77
653760,Kaskinen,FI,62.3759,21.2261,29.98,98,100,11.16
1525504,Belogor’ye,KZ,51.5297,77.4714,11.59,91,100,14.7
2630299,Hofn,IS,64.2539,-15.2082,42.8,65,90,25.32
3393764,Oeiras,BR,-7.0253,-42.1311,89.35,55,100,3.22
6114685,Qikiqtarjuaq,CA,67.5555,-64.0249,-18.4,76,1,9.22
3520161,Sabancuy,MX,18.9667,-91.1833,79.65,52,0,4.61
3827832,Rumo Cocha,PE,-3.7792,-73.3119,87.8,70,75,3.44
6152248,South Indian Lake,CA,56.7795,-98.9281,27.19,97,99,9.17
3441442,Ombues de Lavalle,UY,-33.9167,-57.7833,83.53,45,20,9.22
103035,Rābigh,SA,22.7986,39.0349,76.68,34,0,7.94
549748,Kholmogory,RU,64.2229,41.656,-16.6,69,0,6.71
2387440,Dam,CF,6.4833,17.4333,96.22,10,100,6.06
2125072,Kamchatka,RU,55.0,159.0,20.28,95,100,4.36
2087362,Salamo,PG,-9.6603,150.7856,84.88,70,65,1.21
7839384,Paroo,AU,-27.9874,145.7175,95.74,19,0,13.87
4968894,Kingfield,US,44.9592,-70.154,28.96,46,1,13.8
1648512,Bobong,ID,-1.947,124.3829,85.21,64,80,3.65
216404,Gbadolite,CD,4.2833,21.0167,100.45,23,100,3.09
5859193,Chignik,US,56.2953,-158.4022,30.25,93,99,1.72
688279,Yavoriv,UA,49.0167,22.914,36.3,87,90,6.71
3445983,Tucano,BR,-10.9631,-38.7867,91.49,35,100,5.3
66108,Shāhrūd,IR,36.4167,55.0167,45.43,52,0,6.91
6062100,Lupin Mine,CA,65.7643,-111.2232,-16.6,76,97,13.8
1517529,Uzynkair,KZ,45.7167,60.9,32.94,82,83,17.34
3388145,São Raimundo Nonato,BR,-9.0153,-42.6994,88.59,50,8,7.07
2028051,Akana,RU,63.9,119.0167,-22.83,85,91,3.65
4770766,Louisa,US,38.0251,-78.0042,36.28,41,1,4.61
1540475,Turtas,RU,58.9417,69.1325,-6.14,89,100,6.2
3114980,Urduña / Orduña,ES,42.9944,-3.0097,58.05,62,20,18.41
5274473,Stanley,US,44.96,-90.9371,24.21,68,90,10.36
5877087,Uganik,US,57.7667,-153.4,33.8,60,1,4.59
2158977,Mallacoota,AU,-37.55,149.75,83.61,47,0,10.07
3526756,Isla Mujeres,MX,21.2311,-86.731,75.58,57,40,8.05
1792999,Tiandeng,CN,23.1266,107.0937,73.6,46,0,11.12
3462710,Galheiro,BR,-18.9667,-51.95,87.53,49,40,4.81
2066859,Marvel Loch,AU,-31.4667,119.4667,88.68,19,0,5.64
3423146,Ilulissat,GL,69.2167,-51.1,6.8,72,90,4.61
1799897,Nanma,CN,36.1817,118.1583,66.7,27,0,9.44
1860941,Jūrokuban,JP,30.6,130.9833,66.2,45,20,12.66
6691320,Nord-du-Québec,CA,51.962,-74.8961,13.55,95,47,9.71
3141548,Rognan,NO,67.0953,15.3878,23.0,80,90,40.29
5887448,Arviat,CA,61.1088,-94.0585,-2.2,78,75,8.05
1529626,Baijiantan,CN,45.6333,85.1833,29.93,90,18,3.87
6137052,Sachs Harbour,CA,71.9841,-125.2463,-12.03,88,100,12.3
153214,Morogoro,TZ,-8.0,37.0,89.38,50,95,4.41
1614696,Pak Chom,TH,18.0206,101.8983,87.28,39,11,3.44
2183619,Raumati South,NZ,-40.95,174.9833,67.69,64,100,26.46
5873776,Seward,US,60.1042,-149.4422,26.33,54,1,7.23
2220853,Yokadouma,CM,3.5167,15.05,102.52,15,88,1.68
3980487,Venado,MX,22.9333,-101.0833,78.19,16,0,10.67
2597172,Tiapoum,CI,5.1362,-3.0231,85.84,64,14,6.51
1628757,Sangkulirang,ID,0.9833,117.9667,84.85,72,89,3.69
2017155,Saskylakh,RU,71.9167,114.0833,-28.03,83,5,1.14
3467850,Campinhos,BR,-14.8667,-40.8833,83.32,51,85,2.1
3581418,Privassion Camp,BZ,17.0333,-88.95,70.68,64,90,6.91
3854981,Gobernador Gregores,AR,-48.7506,-70.2474,53.67,65,100,13.44
1518062,Torghay,KZ,49.6339,63.4981,-2.94,87,45,6.87
2089478,Northern Province,PG,-9.0,148.5,87.87,58,100,5.08
3661948,Marechal Thaumaturgo,BR,-8.9411,-72.7917,75.18,93,99,1.88
209598,Manono,CD,-7.3,27.4167,78.82,84,100,3.15
698247,Oster,UA,50.9506,30.8823,36.45,75,20,6.71
1061412,Mananara,MG,-16.1667,49.7667,83.91,72,99,5.21
933077,Shakawe,BW,-18.3667,21.85,77.79,75,88,9.75
363533,Zalingei,SD,12.9096,23.4741,86.45,13,48,5.7
2179671,Manawatu-Wanganui,NZ,-39.95,175.0167,72.48,65,89,10.0
1307641,Myoma,MM,20.1333,92.8833,84.65,38,83,7.38
6445087,Saint-Mandrier-sur-Mer,FR,43.0667,5.9333,59.63,67,20,20.71
3406001,Batalha,BR,-4.025,-42.075,88.05,59,18,5.57
1538730,Omskiy,RU,57.6356,91.9072,-4.95,88,63,4.21
1528998,Yumen,CN,40.2833,97.2,47.12,46,0,14.43
2485794,Ouargla Province,DZ,30.5,6.1667,80.67,14,19,14.32
3370221,Banghoek,ZA,-33.9167,18.9167,71.83,46,40,18.41
2032436,Bayasgalant,MN,46.9833,112.05,9.3,87,66,19.91
478050,Ust'-Kulom,RU,61.6864,53.6902,-15.25,85,100,4.41
5955550,Forest Lawn Industrial,CA,51.0334,-113.9687,40.64,31,90,5.75
3685070,Durania,CO,1.2667,-70.1833,86.07,64,68,4.34
1522605,Kīevka,KZ,50.2619,71.5514,8.28,94,100,14.18
5882640,Aguanish,CA,50.2168,-62.0818,15.8,53,1,14.97
2841488,Sankt Peter,DE,48.0167,8.0333,58.37,51,0,2.3
3374351,Pombas,CV,17.1503,-25.0201,75.2,57,40,36.82
389469,Baladīyat ar Rayyān,QA,25.2,51.05,74.17,50,40,10.36
3581398,Punta Gorda,BZ,16.0984,-88.8097,73.4,73,75,4.61
921745,Nioumachoua,KM,-12.3614,43.7153,83.43,69,100,4.88
1808212,Hechuan,CN,29.9947,106.2572,69.04,46,0,4.47
7627186,Pingelap,FM,6.2059,160.7033,82.35,76,100,15.95
2444219,Gouré,NE,13.9835,10.2704,80.01,12,0,10.0
2426991,Ngardiana,TD,13.2341,18.2975,86.34,12,0,7.63
749100,Çilimli,TR,40.8936,31.0492,42.73,63,0,2.71
1605742,Ta Phraya,TH,14.0031,102.8054,88.29,33,40,4.5
524100,Muyezerskiy,RU,63.9333,31.65,-3.62,90,69,9.46
1632998,Pamanukan,ID,-6.2842,107.8106,84.56,70,77,10.29
4063619,Gadsden,US,34.0143,-86.0066,55.76,28,1,8.05
828886,Horad Pinsk,BY,52.1214,26.0728,32.14,99,89,7.74
5933900,Cumberland House,CA,53.9668,-102.2676,29.97,97,79,11.03
5335846,Channel Islands Beach,US,34.1581,-119.2232,68.11,30,1,14.97
3848949,La Rioja Province,AR,-30.0,-67.5,76.35,42,0,8.25
1627520,Seratak,ID,-3.4,116.2333,89.53,58,95,0.89
2723201,Bastuträsk,SE,65.0,17.6833,9.36,85,90,5.75
3385899,Tutóia,BR,-2.7619,-42.2744,91.4,58,40,13.8
2439812,Say,NE,13.1007,2.3689,89.6,6,93,16.11
1240622,Kelaniya,LK,6.9553,79.922,86.0,66,75,3.44
1280194,Qümong,CN,32.9777,98.098,28.58,74,10,3.04
2146616,Tilpa,AU,-30.95,144.4,97.45,20,41,6.13
162199,Annau,TM,37.8876,58.516,44.6,49,90,4.61
3935619,Madre de Dios,PE,-12.0,-70.25,71.87,99,100,2.82
7641247,Huangbai,CN,25.9553,116.006,72.5,45,20,4.59
1695180,Simbahan,PH,6.3032,120.5836,79.95,80,98,18.39
3424424,Atammik,GL,64.8,-52.2167,10.89,90,100,5.28
2122104,Petropavlovsk-Kamchatskiy,RU,53.0452,158.6483,23.0,63,99,10.0
798536,Rabocheostrovsk,RU,64.9855,34.7661,-12.24,89,100,10.54
3844933,Maquinchao,AR,-41.25,-68.7333,71.4,21,5,34.14
2123814,Leningradskiy,RU,69.3833,178.4167,-11.92,89,99,9.33
7626924,Mokil Municipality,FM,6.688,159.757,82.8,74,100,14.92
5941588,Donkin,CA,46.1834,-59.8651,24.4,63,75,27.63
3382998,Suriname,SR,4.0,-56.0,88.66,49,99,4.99
2122229,Paratunka,RU,52.95,158.2333,23.0,63,100,5.5
5192657,Harleigh,US,40.9806,-75.9713,29.61,50,1,3.44
6947098,Rigolet,CA,54.1701,-58.4344,-2.49,86,1,12.86
1831172,Kampong Cham,KH,12.0833,105.5833,88.36,35,58,5.41
2119625,Yagodnoye,RU,64.65,170.4,-17.52,79,0,1.72
5963145,Goose Creek,CA,58.6751,-94.1448,6.8,85,20,4.61
910361,Limulunga,ZM,-15.0969,23.1376,81.77,60,78,11.07
1182872,Bhag,PK,29.0415,67.8239,86.2,13,2,2.28
5880568,Bethel,US,60.7922,-161.7558,-6.3,65,20,10.36
7839592,Longreach,AU,-23.876,143.8671,98.6,26,0,9.22
242048,Salamat Region,TD,11.0,20.5,93.04,10,100,7.56
1488616,Uk,RU,55.079,98.8586,4.87,87,99,3.11
2156785,Mossgiel,AU,-33.2667,144.5667,96.69,23,48,14.32
5609855,Teton,US,43.9166,-111.3761,27.97,80,90,13.8
1641510,Kangboi,ID,1.0833,104.05,87.39,58,75,16.11
6558470,Waddeweitz,DE,53.0064,10.971,58.26,45,40,5.75
3450206,Santa Helena de Goiás,BR,-17.8136,-50.5969,83.8,66,20,6.64
1507203,Drovyanoy,RU,72.4017,72.7625,-2.97,92,100,10.09
4704395,Lake Brownwood,US,31.8357,-99.0078,67.55,34,1,14.97
1494482,Polunochnoye,RU,60.8697,60.4153,-15.61,87,100,4.85
3419714,Kangerlussuaq,GL,67.0088,-50.6894,-5.8,59,100,10.36
2127436,Yokohama,JP,41.0833,141.25,36.68,75,75,14.97
788709,Leskovac,RS,42.9981,21.9461,47.16,71,40,5.75
6170031,Tuktoyaktuk,CA,69.4541,-133.0374,-16.6,76,75,21.85
5874713,Soo City (historical),US,66.7167,-151.4833,-13.0,53,20,3.44
3665202,Aripuanã,BR,-9.1667,-60.6333,77.58,88,100,1.77
2013865,Ust'-Uda,RU,54.1742,103.0304,0.7,88,96,6.93
648958,Lapponia,FI,68.0,27.0,-2.2,71,0,4.61
1636308,Manokwari,ID,-0.8667,134.0833,78.78,85,100,10.4
6184824,Wrigley,CA,63.25,-123.498,-10.35,86,100,1.32
5879302,Ambler,US,67.0861,-157.8514,-15.47,70,1,3.44
4890925,Elk Grove Village,US,42.0039,-87.9704,33.33,55,40,11.5
1256598,Sheoganj,IN,25.15,73.0667,88.45,12,67,1.52
1802162,Daxing,CN,22.9692,102.4061,64.36,61,64,4.41
2565267,Mhamid,MA,29.82,-5.72,72.19,29,100,32.01
6078372,Moosonee,CA,51.2793,-80.6345,27.5,63,1,19.57
5993072,Kitimat,CA,54.0524,-128.6534,41.65,93,90,10.36
2293260,Agnibilékrou,CI,7.1344,-3.2047,95.74,15,0,3.11
4493110,Spruce Pine,US,35.9154,-82.0646,41.36,44,24,4.0
3754114,Parque das Laranjeiras,BR,-3.0647,-60.0136,85.17,62,75,6.91
608073,Taskopa,KZ,48.8536,55.5819,6.44,91,97,7.16
2035399,Songyuan,CN,45.1171,124.8568,20.44,97,100,13.67
8014675,Santa Cruz da Graciosa,PT,39.0776,-28.0169,59.27,91,100,26.55
5522714,Hale Center,US,34.0642,-101.8438,53.62,32,1,19.57
3982837,Sonoita,MX,31.85,-112.8333,63.0,20,0,12.8
2146205,Tarrawingee,AU,-31.4667,141.4833,91.4,29,36,6.91
6454373,Sarralbe,FR,48.9987,7.0292,60.55,39,0,11.5
2020838,Lensk,RU,60.7253,114.9278,-15.43,83,100,7.65
2435014,Bogomia I,TD,7.7962,15.6682,98.01,9,95,3.2
205297,Tambo,CD,-8.3,27.25,81.93,64,100,3.38
2077026,Batchelor,AU,-13.0667,131.0167,87.01,85,100,1.01
108190,Ash Shurayf,SA,25.7071,39.2823,69.62,22,0,4.14
2119283,Zyryanka,RU,65.75,150.85,-26.05,81,35,1.05
3432707,La Eduvigis,AR,-26.8555,-59.0684,91.4,38,0,11.5
2204113,Malsa’a,FJ,-12.4833,177.0667,83.14,76,60,12.33
2157580,Mincha,AU,-36.0167,144.0833,91.99,30,3,15.64
564191,Duminichi,RU,53.9345,35.1099,27.1,98,98,7.49
1515580,Jargalant,MN,45.7095,97.176,37.53,57,0,6.04
2505525,Bechar Province,DZ,30.25,-3.0833,74.28,17,87,32.53
1159301,Zahedan,IR,29.4963,60.8629,66.2,34,75,4.61
7839558,Barcaldine,AU,-23.052,145.4349,93.13,28,0,2.1
2966208,Belmullet,IE,54.225,-9.9908,47.86,73,0,18.99
1491600,Snezhnogorsk,RU,68.0931,87.74,-23.37,85,97,7.07
3877770,Paiguano,CL,-30.0167,-70.5333,78.15,77,75,10.36
1529376,Korla,CN,41.7597,86.1469,48.29,47,99,6.02
5855051,‘Ewa Beach,US,21.3156,-158.0072,80.91,54,75,10.36
1580240,Hue,VN,16.4667,107.6,75.2,69,20,12.66
1488903,Turukhansk,RU,65.8167,87.9833,-29.63,81,98,7.74
1802682,Longchuan,CN,25.1615,101.2942,66.99,33,95,10.16
3405304,Bom Jesus,BR,-9.0744,-44.3586,82.56,76,85,3.71
2175958,Bicheno,AU,-41.8789,148.2886,75.15,57,7,5.66
3923057,Bolivia,BO,-17.0,-65.0,95.09,35,100,3.85
2120591,Tilichiki,RU,60.4667,166.1,-1.75,92,100,8.79
5289863,Cienega Springs,US,34.1886,-114.2247,62.73,16,1,14.97
6977912,Raha Tiga,ID,-4.8271,122.7229,89.11,57,95,13.38
142358,Bābolsar,IR,36.7025,52.6576,46.4,93,90,16.11
2525089,Castelluccio Inferiore,IT,40.0039,15.9809,59.65,68,0,1.01
2129163,Mombetsu,JP,44.3525,143.3525,28.6,80,75,16.11
2028164,Deputatsky,RU,69.3,139.9,-25.42,86,15,1.28
3927158,Torata,PE,-17.0769,-70.8433,66.87,32,96,8.79
2018571,Olyokminsk,RU,60.3736,120.4264,-16.31,84,100,5.99
4158060,Harbour Heights,US,26.9909,-82.0023,75.09,44,1,19.57
4269043,Caney,US,37.0115,-95.9353,45.18,87,90,9.22
3432990,Labardén,AR,-36.9475,-58.1038,88.68,21,2,13.22
4038282,Angaur State,PW,6.906,134.13,84.2,79,75,6.91
5984185,Isachsen,CA,78.7853,-103.5048,-22.11,84,100,14.88
5735237,Klamath,US,42.6665,-121.7508,38.3,65,90,4.61
2361373,Diapaga,BF,12.0708,1.7889,89.98,9,85,12.55
6177250,Wawota,CA,49.9,-102.0343,26.65,63,10,11.5
6943715,Fort Franklin,CA,65.209,-123.3633,-17.5,63,14,2.3
2260668,Bouenza Department,CG,-4.0,14.0,85.86,66,100,3.0
1649881,Batang,ID,-6.4846,110.7083,89.6,58,20,12.66
1496745,Novosibirsk Oblast,RU,55.0,80.0,1.72,93,100,15.23
2119272,Netten Polar Station,RU,66.9667,171.9167,-17.57,87,0,6.33
2142804,Wyandra,AU,-27.25,145.9833,95.02,19,0,14.7
103331,Qārā,SA,29.8769,40.2269,57.2,44,0,11.5
1281659,Baxkorgan,CN,39.0667,90.0833,38.66,59,100,1.01
1276574,Bela,IN,25.9333,81.9833,83.39,20,1,7.72
2126123,Chokurdakh,RU,70.6333,147.9167,-30.23,84,98,4.99
1163582,Thatta,PK,24.7475,67.9235,93.04,10,0,7.38
505230,Priozersk,RU,61.0393,30.1291,14.85,96,100,12.57
7839505,East Pilbara,AU,-21.6133,123.7137,98.69,29,44,6.31
2498541,El Bayadh Province,DZ,32.5,1.1667,76.46,18,96,33.96
2189506,Island Bay,NZ,-41.3333,174.7833,67.89,64,100,26.46
7371354,Dongke,CN,36.3349,99.6668,39.42,37,40,2.71
1851383,Susami,JP,33.55,135.5,62.6,55,0,5.75
1791440,Wenquan,CN,30.8493,115.6991,70.27,34,0,8.75
1516082,Delgermörön,MN,46.4095,98.2871,19.76,82,0,8.41
1310084,Mawnwe,MM,24.5333,94.55,88.93,22,0,3.83
933117,Sebina,BW,-20.8667,27.25,77.0,69,75,11.5
545467,Konevo,RU,62.1215,39.3192,-9.33,88,4,5.79
1514801,Birata,TM,40.482,62.1586,44.15,52,0,6.46
1504382,Kargasok,RU,59.0556,80.8572,-10.57,89,100,11.97
3878743,Neltume,CL,-39.8441,-71.9392,65.86,36,0,7.72
1494335,Posol,RU,60.0594,62.995,-16.02,87,99,4.88
6179858,Whati,CA,63.1443,-117.2757,-20.2,76,100,2.3
1252668,Ziro,IN,27.6333,93.8333,80.6,44,20,2.3
2410764,Sao Tome Island,ST,0.2,6.65,87.8,70,75,11.5
2513947,Melilla,ES,35.2937,-2.9383,65.55,52,0,4.61
3874958,Puerto Natales,CL,-51.7236,-72.4875,51.8,82,90,8.05
1678228,Keelung,TW,25.1283,121.7419,72.91,44,20,4.61
3460558,Itiquira,BR,-17.0833,-54.9333,93.42,49,28,4.76
1220401,Tagob,TJ,38.8383,68.8985,51.8,76,75,2.24
6062670,Macdiarmid,CA,49.4334,-88.1333,28.4,64,84,4.61
462022,Zubovo,RU,60.318,36.9728,0.97,93,100,9.8
3996063,Mexico,MX,23.0,-102.0,76.37,17,0,15.77
4352577,Crisfield,US,37.9835,-75.8538,35.33,51,1,10.36
1489126,Tsementnozavodskiy,RU,67.6167,64.1,-28.79,83,87,3.11
2255404,Pool Department,CG,-3.5,15.0,85.93,56,100,3.67
5881544,Ofu,AS,-14.1753,-169.6775,79.25,88,100,23.04
5939424,Dina,CA,52.9335,-110.0849,35.6,60,90,14.97
4163379,Marathon,US,24.7138,-81.0903,76.42,57,40,20.71
2021026,Khaty,RU,63.6256,116.6703,-20.47,85,94,3.53
2073890,Coolgardie,AU,-30.95,121.1667,86.0,26,0,9.22
7839427,Karoonda East Murray,AU,-34.9285,140.0248,80.13,27,7,13.85
3893656,Copiapo,CL,-27.3667,-70.3333,71.6,53,20,12.66
4291056,Elkfork,US,37.9648,-83.1329,36.77,75,1,5.91
1545752,Port Mathurin,MU,-19.6833,63.4167,79.9,77,12,16.78
1280943,Jinta,CN,39.9833,98.8667,50.14,41,0,3.56
6070684,McLeod Lake,CA,54.9832,-123.0364,41.0,65,1,20.71
2181997,Takaka,NZ,-40.85,172.8,71.6,78,70,7.0
779683,Hammerfest,NO,70.6634,23.6821,12.2,67,0,11.5
2355404,Solenzo,BF,12.1833,-4.0833,95.05,8,55,13.27
909887,Luangwa,ZM,-15.6167,30.4167,85.91,68,87,3.76
3862771,Departamento de Capayán,AR,-28.8333,-66.0,87.01,62,2,5.99
3395497,Maracaçumé,BR,-2.0428,-45.9592,84.49,77,83,5.01
2157076,Moonbi,AU,-31.0167,151.0667,78.4,48,75,12.66
3665314,Anori,BR,-8.3333,-67.3333,75.4,96,100,2.21
6940753,Ghayl Ba Wazir,YE,14.8778,49.0245,73.54,34,16,10.38
875996,Moxico Province,AO,-12.8487,20.9327,75.11,78,97,8.12
7839600,Leonora,AU,-28.3942,121.2596,88.7,19,0,10.76
1490686,Sukhoy Log,RU,56.9094,62.0296,0.1,90,91,4.88
2455456,Kinmparana,ML,12.8402,-4.9199,97.32,9,0,13.89
5992554,Kinistino,CA,52.95,-105.0343,25.66,68,100,17.27
5829425,Kemmerer,US,41.7925,-110.5377,24.12,68,1,23.02
3728474,Cap-Haitien,HT,19.7578,-72.2042,76.19,73,0,10.6
130801,Ilam Province,IR,33.1667,47.0,46.89,54,47,7.05
2764957,Solden,AT,46.9667,11.0,52.14,35,0,13.8
2057031,Mokdale,ID,-10.7333,123.0333,85.66,75,14,14.05
3150002,Kjøpsvik,NO,68.097,16.3742,19.4,63,0,21.85
7839709,Central Darling,AU,-31.7715,143.6257,96.66,23,38,18.61
300808,Silifke,TR,36.3778,33.9344,51.62,44,100,6.6
3173935,Marina di Carrara,IT,44.0384,10.0414,60.1,55,0,10.36
2508807,Adrar,DZ,25.75,-1.0,86.76,11,0,19.6
608359,Shalqar,KZ,47.8333,59.6,13.84,94,92,10.96
319345,Çatak,TR,38.0085,43.065,24.8,93,75,4.61
3369174,Calvinia,ZA,-31.4707,19.776,71.85,24,2,13.4
542965,Krasnokholmskiy,RU,55.9873,55.0466,-2.81,90,100,6.08
7603255,Barh el Gazel Region,TD,14.6667,16.9167,82.31,13,0,18.45
598392,Karmelava,LT,54.9667,24.0667,37.4,75,100,6.91
5864145,Homer,US,59.6425,-151.5483,23.97,68,90,10.36
1512205,Abaza,RU,52.655,90.0928,19.58,87,8,2.73
5466318,Eddy,US,32.8757,-104.7511,58.98,17,1,12.66
2026023,Bukachacha,RU,52.9833,116.9167,4.17,84,99,7.47
53707,Mudug,SO,7.0,48.0,88.21,26,82,14.54
2123371,Mayskiy,RU,48.9975,140.2053,18.63,89,49,12.64
2180815,Tuatapere,NZ,-46.1333,167.6833,72.41,46,0,2.95
3520989,Puerto Madero,MX,14.7208,-92.4215,89.6,48,40,3.44
2220082,Al Fuqaha',LY,27.8337,16.3849,66.85,23,49,3.62
2434985,Bokoro,TD,12.3807,17.0568,88.61,11,14,8.37
6093114,Old Crow,CA,67.5712,-139.8342,-36.4,61,20,2.3
2031799,East Aimak,MN,48.0,115.0,11.7,86,65,21.83
1262574,Mūl,IN,20.0667,79.6667,90.07,21,100,4.65
2056029,Entuziastov,RU,70.8644,134.6397,-32.35,82,12,1.61
1040652,Maputo,MZ,-25.9653,32.5892,89.31,51,40,8.05
168887,Judaydat Khābūr,SY,35.8167,39.4667,48.09,46,0,8.19
7839408,Roper Gulf,AU,-15.3056,134.9736,88.41,63,92,14.16
6140815,Sandy Lake,CA,56.9835,-107.2846,28.8,98,100,12.15
159242,Ikwiriri,TZ,-7.9562,38.9716,89.76,61,82,3.11
4031110,Fale old settlement,TK,-9.3852,-171.2468,82.72,76,69,19.91
122289,Neyrīz,IR,29.1988,54.3278,55.4,67,90,9.22
159067,Iringa,TZ,-9.0,35.0,69.48,87,100,5.59
2066901,Marree,AU,-29.65,138.0667,103.24,13,11,9.93
3572005,Long Island,BS,23.2167,-75.1117,75.78,77,0,22.84
1325443,Hakha,MM,22.65,93.6167,69.01,34,76,1.48
5835069,Pine Bluffs,US,41.1819,-104.0691,32.45,59,1,27.63
5849164,Kekaha,US,21.9683,-159.7132,77.97,73,90,6.91
6139393,Salluit,CA,62.2006,-75.6323,3.02,89,96,16.46
495922,Shal'skiy,RU,61.797,36.0168,-1.25,91,100,11.52
2015306,Tiksi,RU,71.6872,128.8694,-25.83,85,35,1.52
343143,Āwarē,ET,8.2561,44.1567,84.9,21,69,15.97
5079617,Springview,US,42.8244,-99.749,37.76,52,1,21.85
3380993,Maripa-Village,GF,3.6333,-54.05,89.08,49,86,4.09
7645723,Satawal,FM,7.382,147.0322,82.96,76,49,20.89
5992650,Kinosis,CA,56.3335,-110.9685,37.4,87,90,13.8
586971,Bilgeh,AZ,40.5681,50.0378,42.8,70,75,13.8
6171824,Umiujaq,CA,56.5554,-76.5522,15.8,73,20,20.71
288789,Barkā’,OM,23.7074,57.8891,78.8,69,0,11.5
4015471,Carácuaro,MX,19.0106,-101.1264,94.96,14,0,5.35
3373168,Vila do Corvo,PT,39.6667,-31.1333,64.4,82,40,21.85
553609,Kamenka,RU,65.8876,44.1126,-24.68,83,0,4.76
656711,Ilomantsi,FI,62.8333,31.0,10.99,83,98,8.01
146961,Yardımlı,AZ,38.9206,48.2372,28.4,86,90,4.61
2122262,Palana,RU,59.1167,159.9667,6.44,97,100,12.68
2483761,Reggane,DZ,26.7158,0.1714,88.65,11,0,20.54
2143437,Windellama,AU,-35.022,149.8728,82.63,54,40,8.05
3691324,Tocache,PE,-8.1842,-76.5125,86.11,58,80,0.65
1802431,Longsheng,CN,25.7936,110.0092,68.0,60,90,5.19
3699427,Barranca,PE,-4.8333,-76.7,90.46,51,64,4.7
2417834,Mamou,GN,10.15,-11.95,95.86,28,12,5.08
96205,Halabja,IQ,35.1778,45.9861,48.07,53,72,4.85
2120047,Ust'-Omchug,RU,61.15,149.6333,-8.27,80,100,7.45
3371199,Erongo,NA,-22.0833,15.3333,78.48,31,52,12.1
1279094,Akot,IN,21.0964,77.0586,87.49,18,94,7.25
2478217,Tamanrasset Province,DZ,23.75,4.6667,76.53,16,0,3.11
101760,Sulţānah,SA,24.4926,39.5857,68.0,26,0,0.74
219057,Beni,CD,0.5,29.4667,87.26,31,68,3.89
2446796,Bilma,NE,18.6853,12.9164,77.13,16,34,7.56
3386495,Teresinha,BR,0.9667,-52.0333,80.56,87,99,2.89
1668352,Tainan,TW,23.0,120.1888,76.1,44,40,8.05
5955887,Fort Liard,CA,60.2334,-123.4698,-4.67,88,100,6.53
3853786,Ingeniero Jacobacci,AR,-41.3427,-69.5448,69.3,24,23,29.24
5432024,Mount Pearl,US,38.9625,-102.7894,37.71,38,1,21.85
3601402,Savannah Bight,HN,16.45,-85.85,75.99,88,57,4.0
3394892,Miguel Alves,BR,-4.1656,-42.8953,89.96,54,30,4.7
1802750,Lizhai,CN,29.0084,117.9189,73.02,37,0,5.23
5731397,Hines,US,43.564,-119.081,35.29,69,90,3.44
610743,Aqqystau,KZ,47.2333,51.0,21.2,79,0,6.71
1714769,Dinalongan,PH,16.1404,121.9573,80.26,57,91,8.32
3336899,Aragon,ES,41.0,-1.0,52.7,94,90,14.97
3349234,Kwanza Sul Province,AO,-10.827,15.032,83.34,41,87,4.38
6087172,Nestor Falls,CA,49.1167,-93.9337,29.28,68,97,6.91
7839397,Torres,AU,-10.7038,142.1796,80.6,74,100,10.36
3849980,La Maruja,AR,-35.6736,-64.94,95.22,19,0,13.8
1000543,Graaff-Reinet,ZA,-32.2522,24.5308,75.99,49,75,3.0
4017700,Baja California,MX,30.0,-115.0,63.72,25,0,34.16
608879,Mangistauskaya Oblast’,KZ,44.0,54.0,30.47,91,84,13.29
1035025,Nacala,MZ,-14.5428,40.6728,84.2,74,75,6.91
710007,Dmytrivka,UA,47.9361,38.9366,33.98,86,100,13.53
2236053,Abong Mbang,CM,3.9833,13.1833,96.44,20,37,2.98
2146661,Tibooburra,AU,-29.4333,142.0167,99.39,15,28,3.74
8030545,Crooked Island and Long Cay District,BS,22.7336,-74.2153,77.11,71,0,17.78
143052,Ardestān,IR,33.3761,52.3694,53.28,37,0,5.03
2123979,Kuril'sk,RU,45.2333,147.8833,22.89,94,98,28.1
2742994,Alvares,PT,40.0171,-8.0993,54.07,75,100,8.14
2593112,Extremadura,ES,39.0,-6.0,46.99,86,100,8.01
4013688,Cloete,MX,27.9167,-101.1667,67.98,37,0,7.74
113659,Tabas,IR,33.5959,56.9244,66.2,14,0,4.61
2667876,Torsby,SE,60.1353,13.0082,37.4,100,90,11.5
1895695,Kushima,JP,31.4583,131.2333,68.38,40,20,19.57
4634931,Knox,US,36.0168,-83.9332,49.28,40,1,4.43
2314300,Kinshasa City,CD,-4.5,15.5,84.2,70,75,3.65
2159441,Lower Tully,AU,-18.0,146.0167,85.8,67,100,2.51
2565056,Punta Umbria,ES,37.1821,-6.9661,55.45,67,99,3.0
2185172,Owaka,NZ,-46.45,169.6667,68.0,70,0,5.01
1529001,Yuli,CN,41.3306,86.2578,50.13,43,84,10.2
5040822,Park Rapids,US,46.9222,-95.0586,30.25,80,90,3.44
1500962,Kyzyl-Khaya,RU,50.0499,89.8782,14.16,71,18,2.77
2125742,Enken,RU,57.7667,140.2,7.09,83,100,3.04
2255329,Sangha Department,CG,1.3333,15.5,97.9,26,86,2.89
1511646,Andra,RU,62.5147,65.8878,-20.54,85,100,7.47
331038,Mendī,ET,9.8,35.1,85.78,23,94,6.44
2120245,Ugol'nyye Kopi,RU,64.7333,177.7,-31.0,75,75,8.95
2457163,Gao,ML,16.2717,-0.0447,88.93,10,15,13.96
2449067,Timbuktu,ML,16.7735,-3.0074,89.92,10,22,14.16
1850822,Taketomi,JP,24.3307,124.0851,71.6,49,40,8.05
5878818,Adak,US,51.88,-176.6581,33.8,93,90,16.11
4054566,Centreville,US,32.9446,-87.1386,58.6,26,1,11.5
1655842,Laos,LA,18.0,105.0,86.0,35,32,2.33
3148569,Laerdal,NO,61.098,7.4816,47.34,70,87,3.98
2663077,Vikarbyn,SE,60.9167,15.0167,38.88,93,100,5.75
1153427,Fang,TH,19.9169,99.2145,80.6,65,20,3.44
1796339,Shancheng,CN,36.9568,107.0266,55.08,33,2,17.78
5872126,Prudhoe Bay,US,70.2553,-148.3372,-11.92,84,90,25.32
577922,Belomorsk,RU,64.5232,34.7668,-12.15,89,100,8.48
1540356,Raduzhny,RU,62.0961,77.475,-10.23,89,100,8.77
2120059,Ust'-Kamchatsk,RU,56.2367,162.5189,19.72,97,99,13.56
886843,Mashonaland Central Province,ZW,-17.0,31.0,78.44,66,100,6.73
3399445,Forquilha,BR,-3.7983,-40.2606,87.96,57,82,4.88
8020335,Sindangsari,ID,-7.7983,108.2354,86.74,59,61,8.14
225282,Ali Sabieh Region,DJ,11.25,43.0,84.2,70,75,10.36
2126785,Belaya Gora,RU,68.5333,146.4167,-29.56,83,30,2.21
3412888,Stykkisholmur,IS,65.0757,-22.7297,36.18,85,100,9.51
1856586,Mori,JP,34.8333,137.9333,65.37,39,0,16.11
1786676,Yima,CN,34.7381,111.8839,71.01,19,0,17.2
876337,Cuando Cobango Province,AO,-15.9476,19.3832,65.34,86,99,10.18
2416085,Sangarédi,GN,11.1,-13.7667,105.13,16,1,1.7
3021716,Darney,FR,48.0866,6.0492,59.63,41,0,19.57
1280679,Luring,CN,32.2667,84.2,40.73,34,0,29.68
1066702,Besalampy,MG,-16.75,44.4833,80.13,80,100,2.64
355449,Esna,EG,25.2934,32.554,64.4,42,0,4.61
6912297,Sikoroni,ML,13.0211,-9.277,100.26,8,4,7.56
1516589,Dzhezkazgan,KZ,47.7833,67.7667,17.76,93,100,10.45
3345497,Uacu Cungo,AO,-11.3634,15.1208,85.57,39,92,2.75
5518239,Canyon,US,34.9803,-101.9188,49.05,35,1,13.8
2025256,Chumikan,RU,54.7183,135.315,6.78,86,0,15.03
3623602,Guácimo,CR,8.9484,-83.1096,88.09,36,28,2.93
324698,Akhisar,TR,38.9185,27.8401,51.01,46,30,7.07
893172,Chivhu,ZW,-19.0211,30.8922,80.98,49,100,4.05
2182010,Tairua,NZ,-37.0167,175.85,74.1,56,0,5.97
400745,North Eastern Province,KE,1.0,40.25,93.27,36,100,8.37
5989520,Kashechewan,CA,52.3,-81.6166,23.25,96,75,19.17
4691572,Flour Bluff,US,27.6739,-97.2789,70.05,46,40,17.27
524299,Murmashi,RU,68.8154,32.8115,-11.2,77,0,6.71
5490223,Santa Clara,US,32.7795,-108.1503,48.2,20,1,9.22
2091993,Madang Province,PG,-5.0,145.5,80.71,82,33,1.32
1502073,Krasnosel'kup,RU,65.7,82.4667,-26.43,83,77,4.65
3403687,Camocim,BR,-2.9022,-40.8411,85.55,68,47,9.86
3159107,Dombås,NO,62.0696,9.1235,38.21,85,99,8.61
1500816,Lebed',RU,62.0944,89.1864,-19.03,83,60,3.89
87205,Darnah,LY,32.767,22.6367,58.28,62,81,13.67
1811722,Enle,CN,23.9605,101.0826,66.34,58,95,4.16
6095788,Oxford House,CA,54.9485,-95.266,27.48,97,100,10.63
3662489,Santa Isabel Rio Negro,BR,-0.4139,-65.0192,87.08,66,93,3.24
6063363,Mackies,CA,48.2334,-90.0669,26.33,74,75,3.44
1219651,Lebap,TM,39.0,63.0,48.2,53,0,11.5
1283245,Karnālī Zone,NP,29.5,82.4167,33.75,63,0,7.74
1581047,Ha Tinh,VN,18.3333,105.9,75.45,56,76,6.22
2562816,Kerċem,MT,36.0419,14.2267,62.15,67,40,13.8
6100761,Pelly Crossing,CA,62.8303,-136.5813,-0.38,87,100,1.16
3625515,Valle de La Pascua,VE,9.2155,-66.0073,93.13,32,90,7.47
933491,Mabuli,BW,-25.7833,24.6,92.23,24,15,11.27
499539,Sadovoy,RU,45.0247,38.0156,36.88,60,0,8.95
4036024,Nasaqalau,FJ,-18.1833,-178.8,79.93,81,85,23.58
609537,Qaraton,KZ,46.4353,53.4864,25.34,89,64,14.41
2415702,Siguiri,GN,11.6667,-9.5,97.9,9,0,6.29
3738301,El Tarra,CO,8.5756,-73.0949,89.69,42,28,3.2
1493423,Russkaya Polyana,RU,53.7794,73.8806,-0.2,90,49,16.08
3672512,Peque,CO,7.0212,-75.9093,77.54,62,80,1.3
3461525,Ibotirama,BR,-12.1853,-43.2206,89.62,47,97,4.34
3452490,Poxoréo,BR,-15.8372,-54.3892,83.19,78,64,6.29
124193,Meybod,IR,32.2501,54.0166,55.4,21,20,4.61
3453025,Ponto Novo,BR,-10.8628,-40.1336,87.75,41,48,8.68
3388847,São Félix do Xingu,BR,-6.6447,-51.995,80.58,85,100,2.19
3170853,Pie' del Sasso,IT,42.9943,12.9989,55.87,67,0,2.3
361323,Faiyum Governorate,EG,29.3,30.5,64.56,33,0,12.17
3456642,Mozarlândia,BR,-14.7447,-50.5706,78.75,85,98,9.06
839750,Dederkoy,RU,44.055,39.1306,43.79,68,54,15.01
3337386,Vastra Gotaland County,SE,58.0,13.0,46.87,93,100,10.36
3397843,Rio Ivaí,BR,-1.3667,-52.1667,84.13,72,90,3.42
2651589,Daliburgh,GB,57.1667,-7.4,47.35,76,40,34.52
2597449,Kidal,ML,19.9167,1.0833,86.45,11,0,14.16
3671346,Puerto Yuca,CO,2.9383,-73.2083,93.99,33,80,8.72
3199525,Gromiljak,BA,43.9667,18.0531,53.31,58,0,2.3
5062292,Valley City,US,46.9233,-98.0032,40.21,60,1,8.05
336350,Goba,ET,7.0167,39.9833,64.62,49,88,6.13
7306515,Airok,MH,7.2772,168.8203,81.77,74,10,22.26
2079192,Green Head,AU,-30.0717,114.9672,82.27,45,0,16.06
5043181,Richards,US,46.8361,-95.9123,31.28,75,1,10.36
212360,Kongolo,CD,-5.3833,27.0,79.47,74,100,4.83
1835515,T’aebaek,KR,37.1759,128.9889,55.38,44,55,14.5
3686431,Departamento del Chocó,CO,6.0,-77.0,85.3,62,91,3.98
1268469,Kālānwāli,IN,29.85,74.95,85.35,13,12,7.52
494884,Shenkursk,RU,62.1091,42.896,-16.26,86,30,3.91
76699,Burum,YE,14.3636,48.9797,78.28,49,0,12.17
2650589,Dymchurch,GB,51.0254,0.9939,54.91,71,65,17.27
2162976,Hughenden,AU,-20.85,144.2,91.4,33,0,5.75
3731287,Taquari,BR,-9.8736,-67.9103,80.6,83,75,1.14
7306524,Lib,MH,8.3122,167.3766,86.0,70,40,20.71
2306774,San Antonio de Pale,GQ,-1.4014,5.6325,81.39,74,100,11.01
2031601,Dzogsool,MN,46.8,107.15,16.48,87,65,13.67
2091495,Manus Province,PG,-2.0,147.0,83.26,76,17,6.51
5869635,Napaimute (historical),US,59.4333,-154.8667,9.64,67,90,4.61
8030552,North Andros District,BS,24.7669,-78.0961,71.58,71,80,26.44
7536143,Saga,CN,29.3237,85.226,38.86,37,0,6.42
1337284,Lhuntse District,BT,27.75,91.1833,53.37,36,0,4.92
3648698,Bachaquero,VE,9.9694,-71.1494,86.29,54,42,7.67
6930874,Shikotan,RU,43.7999,146.7214,27.12,89,31,23.87
1796480,Shaanxi,CN,36.0,109.0,63.82,22,0,8.61
2475612,Tolga,DZ,34.7222,5.3785,69.8,16,0,16.11
5877208,Unalaska,US,53.8736,-166.5367,32.0,86,90,16.11
1278103,Awantipur,IN,33.9167,75.0167,52.05,48,100,2.62
7535696,Spitsbergen,SJ,78.0529,17.71,24.8,68,40,12.66
3904793,Santa Rosa,BO,-14.1667,-66.8833,87.8,70,40,4.61
1914024,Longlou,CN,19.6563,110.9646,78.8,53,40,4.47
2097418,Finschhafen,PG,-6.6024,147.8681,84.54,71,85,1.95
1081530,Ambodifotatra,MG,-16.9833,49.85,83.28,75,60,10.31
5116680,Essex,US,44.1001,-73.8163,24.49,49,40,5.75
3648789,Municipio Autonomo Atures,VE,5.6925,-67.3462,97.03,35,19,2.39
2167799,Eden,AU,-37.0667,149.9,78.8,73,7,12.66
2312249,Mushie,CD,-3.0167,16.9,94.37,46,100,1.61
6971554,Zhengkeng,CN,27.9922,119.7976,67.41,39,0,1.07
2539875,Oulad Al Haj,MA,31.9303,-4.4027,64.4,25,40,23.02
1512348,Yangirabot,UZ,40.0254,65.961,46.4,71,75,6.91
1672228,Magong,TW,23.5654,119.5863,65.39,49,9,1.7
2317277,Bas-Congo Province,CD,-5.5,14.5,85.73,64,100,3.15
5637146,Anaconda,US,46.1285,-112.9423,32.97,51,90,6.91
7267904,Saint Thomas Island,VI,18.3271,-64.9694,80.96,54,40,11.5
2700801,Kiruna Kommun,SE,68.1667,19.5,3.43,85,90,5.75
4017728,Bahía de Kino,MX,28.8333,-111.9333,77.18,12,41,8.99
2098948,Bueri,PG,-2.6597,152.0103,84.58,73,42,9.86
4034948,Utuloa,WS,-13.5081,-172.635,80.19,80,100,9.6
2170658,Cooktown,AU,-15.4667,145.25,85.68,73,100,7.09
6087210,Netla,CA,60.9502,-123.2698,-5.82,77,100,2.3
3446579,Terra Roxa,BR,-23.8557,-50.0314,75.99,51,0,5.01
64538,Bay,SO,3.0,43.5,91.11,25,8,15.64
6185024,Wyoming,CA,42.9501,-82.1165,26.51,63,1,14.97
4032420,Neiafu,TO,-18.65,-173.9833,84.2,65,75,9.22
562245,Gadzhiyevo,RU,69.2551,33.3362,-11.2,77,0,6.71
1276509,Bellary,IN,15.15,76.9333,83.3,39,61,13.31
2704114,Husum,SE,63.3333,19.1667,14.0,100,75,9.22
2018436,Onokhoy,RU,51.932,108.0747,6.8,47,20,11.18
2157641,Millmerran,AU,-27.8667,151.2667,87.8,40,0,17.27
71005,Sayhut,YE,15.2106,51.2456,80.15,43,32,14.81
1214204,Pematangsiantar,ID,2.9595,99.0687,85.8,54,81,4.47
2173910,Broken Hill Municipality,AU,-31.95,141.4333,91.4,29,36,6.91
2298528,Kwesimintsim,GH,4.9145,-1.7876,88.97,58,33,5.61
486645,Sukhobezvodnoye,RU,57.0491,44.8891,0.19,91,100,1.99
606350,Byske,SE,64.9526,21.2058,11.68,92,90,6.91
3414079,Olafsvik,IS,64.8945,-23.7142,38.41,80,100,12.55
1304138,Ninglum,MM,25.2167,97.2333,92.82,25,2,0.67
3315550,Emlagh,IE,53.5542,-10.1344,48.78,76,0,28.01
2078024,Adelaide River,AU,-13.2379,131.1056,87.6,71,100,5.39
5866726,Kotzebue,US,66.8983,-162.5967,-11.83,70,1,4.61
5863850,Healy,US,63.8569,-148.9661,-9.4,64,1,1.21
