city id,city,country,lat,lon,temp_astronomical_twilight_end,hum_astronomical_twilight_end,cloudiness_astronomical_twilight_end,windiness_astronomical_twilight_end
1493756,Razdolinsk,RU,58.4211,94.6658,-17.93,89,75,0.98
2523116,Siculiana,IT,37.3344,13.4216,49.33,63,1,9.46
1489423,Tomskaya,RU,58.7844,64.1901,-17.48,88,95,3.98
5976257,Holman,CA,70.7342,-117.7546,-15.68,88,100,10.16
5865670,Kaktovik,US,70.1319,-143.6239,-9.4,84,90,36.82
6142001,Schefferville,CA,54.8002,-66.8318,6.8,78,1,13.8
1023656,Adelaide,ZA,-32.7075,26.2956,59.99,74,63,8.88
3575660,Pointe Michel,DM,15.25,-61.3833,77.0,74,6,14.67
1485020,Znamenskoye,RU,57.1281,73.8282,-1.61,92,98,7.25
3468453,Cachoeira Alta,BR,-18.7633,-50.9417,77.27,56,33,3.78
5939211,Didyme,CA,48.9,-72.6656,7.05,84,93,2.3
1154677,Ban Tak,TH,17.0432,99.0813,79.83,31,28,2.15
3881895,Los Loros,CL,-27.8333,-70.1,63.41,52,0,1.39
5983577,Inukjuak,CA,58.4547,-78.1014,10.4,85,90,21.85
1264409,Mahbūbābād,IN,17.6167,80.0167,76.41,40,89,2.04
3436101,Partido de Arrecifes,AR,-34.0,-60.0,76.86,72,0,4.0
2032597,Bayan,MN,47.1667,110.8167,1.09,86,27,7.14
3420937,Qaarsut,GL,70.7333,-52.65,4.64,77,0,1.3
3859279,Doctor Rogelio Cortizo,AR,-40.7333,-65.0333,76.12,23,1,14.32
1638735,Laiwui,ID,-1.3518,127.6693,81.57,79,67,8.23
1640118,Ketapang Kecil,ID,-1.8333,109.9667,80.96,79,75,12.82
1083968,Ambalavao,MG,-21.8333,46.9333,70.57,90,14,3.85
1281437,Da Juh,CN,36.6,94.1,33.15,56,100,1.28
471308,Voyvozh,RU,62.892,54.9635,-34.92,83,87,5.95
2192521,Castlepoint,NZ,-40.9,176.2167,63.07,57,41,8.61
2014694,Tyrma,RU,50.0833,132.1667,1.29,91,72,2.19
1528249,Jalal-Abad,KG,40.9333,73.0,38.41,87,90,2.24
1905678,Tinh Ca Mau,VN,9.0833,105.0833,74.28,71,30,5.77
2208425,Zuwārah,LY,32.9312,12.082,63.77,50,39,13.87
3389353,Santarem,BR,-2.4431,-54.7083,75.2,94,20,3.44
1024701,Macia,MZ,-25.0269,33.0989,75.76,90,100,7.78
3923172,El Beni,BO,-14.0,-65.5,82.4,78,75,5.64
7902696,Novyye Plity,RU,54.4933,99.0021,-2.2,89,99,2.15
1525988,Ayagoz,KZ,47.9714,80.4392,14.2,97,100,8.63
6092200,Obed,CA,53.5501,-117.2356,42.8,49,100,11.5
1488950,Turan,RU,52.1453,93.9192,2.23,86,43,1.41
3291507,Moanflugh,IE,51.9678,-8.9825,43.43,93,40,4.61
2034292,Uliastai,CN,45.55,116.8333,6.35,88,64,6.85
5891871,Baker Lake,CA,64.3201,-96.0212,-13.0,70,90,14.97
6170056,Tulita,CA,64.9308,-125.5003,-23.13,84,100,1.5
5930953,Coutts,CA,49.002,-111.963,36.95,65,100,28.77
2065594,Mount Isa,AU,-20.7333,139.5,86.0,51,30,11.5
6185811,Yukon Territory,CA,62.9996,-135.004,-4.47,90,100,2.73
1638133,Leksula,ID,-3.7802,126.5171,82.04,70,84,8.1
1280485,Nangxian,CN,29.05,93.2,28.42,89,1,5.93
1688666,San Rafael,PH,13.0942,122.96,76.14,92,100,19.89
2328925,Niger State,NG,10.0,6.0,86.0,25,84,2.3
2141722,Bouloupari,NC,-21.8667,166.05,82.4,74,75,5.75
2654970,Brae,GB,60.3964,-1.353,46.4,81,0,16.11
4032243,Vaini,TO,-21.2,-175.2,77.0,78,20,9.22
1507390,Dikson,RU,73.5069,80.5464,-2.81,93,100,1.57
4199928,Helena,US,32.0738,-82.9146,54.99,62,90,11.5
7648112,Colonia,FM,9.5164,138.1217,82.4,74,40,9.22
7073137,Muzhijie,CN,33.9622,112.1652,61.72,26,0,4.72
3691954,Sechura,PE,-5.5569,-80.8222,75.6,66,44,17.31
1793724,Tai’an,CN,36.1853,117.12,63.93,32,94,3.09
5861202,Eagle Village,US,64.7806,-141.1136,-25.6,68,1,3.67
631780,Vieremä,FI,63.8384,26.997,5.0,72,90,13.8
1580541,Hoi An,VN,15.8794,108.335,71.6,73,20,4.61
5847387,Kahuku,US,21.6803,-157.9511,73.98,83,90,4.61
533964,Loukhi,RU,66.0764,33.0381,-18.35,89,100,7.74
7645768,Sorol,FM,8.1435,140.394,82.42,78,100,18.63
2152721,Pooncarie,AU,-33.3833,142.5667,83.77,24,22,18.54
1569805,Tinh Phu Yen,VN,13.1667,109.1667,62.4,91,29,5.01
7670994,Kayangel,PW,8.0823,134.7173,81.91,78,72,8.34
3924826,Rondônia,BR,-10.8667,-61.95,72.01,97,88,2.8
503254,Radishchevo,RU,52.85,47.8833,-1.39,92,100,4.68
382250,Sabun,SS,4.5361,29.2578,81.34,20,72,3.65
3446232,Tramandaí,BR,-29.9847,-50.1336,75.7,76,0,13.98
1507636,Chunskiy,RU,56.0815,99.6342,-7.46,90,77,2.33
1129678,Qarah Bāgh,AF,34.9402,61.7759,41.2,67,100,12.06
2380519,Chingueṭṭi,MR,20.4404,-12.2622,70.45,20,0,11.92
1254133,Tuensang,IN,26.2833,94.8333,59.14,63,0,0.83
506528,Popov,RU,48.1818,42.8533,30.78,97,100,13.11
7839404,Katherine,AU,-14.6501,132.1741,78.8,100,75,5.75
370247,Medingbor,SS,6.4598,29.3997,83.23,16,7,3.18
2126682,Bilibino,RU,68.0546,166.4372,-26.23,77,65,1.68
98862,An Najaf,IQ,31.25,43.8333,57.29,38,0,11.48
6161366,Taloyoak,CA,69.5372,-93.5211,-25.6,75,90,8.05
2027748,Amur Oblast,RU,54.0,128.0,-13.86,88,76,2.48
1182998,Bela,PK,26.2271,66.3111,79.84,17,0,5.88
2524459,Lampedusa,IT,35.5,12.6,59.0,94,15,20.71
1529195,Shihezi,CN,44.3,86.0333,29.37,98,100,2.66
1270351,Haridwar,IN,29.9667,78.1667,64.4,77,40,3.44
2199295,Northern,FJ,-16.5,179.5,73.27,95,86,4.68
2259947,Gamboma,CG,-1.8764,15.8644,82.38,53,95,3.56
110831,Āzādshahr,IR,37.087,55.174,46.4,87,90,4.12
1492810,Seliyarovo,RU,61.2906,70.3425,-11.09,90,99,6.02
5861836,Eureka Roadhouse,US,61.9386,-147.1681,-4.81,89,77,0.81
3422891,Ittoqqortoormiit,GL,70.4846,-21.9622,24.82,95,100,13.31
2344415,Duku,NG,11.2361,4.9073,80.64,14,26,7.02
2080422,Jabor,MH,5.921,169.6434,81.91,75,96,21.25
1629652,Riau,ID,0.5005,101.749,82.4,69,20,1.99
355005,Al Jubayl,EG,28.1984,33.6314,61.3,55,0,23.02
1267772,Karhal,IN,27.0003,78.9414,68.07,25,0,2.62
5653884,Gateway (historical),US,48.9991,-115.1732,36.34,82,90,6.08
1337606,Eydhafushi,MV,5.1033,73.0708,82.6,72,99,9.15
88319,Benghazi,LY,32.1167,20.0667,58.64,63,0,16.37
5543199,Millard,US,39.1255,-113.1252,29.35,54,1,8.05
1214488,Meulaboh,ID,4.1363,96.1285,80.83,77,73,1.9
3630473,Pedregal,VE,11.0204,-70.1206,75.7,65,46,11.3
117656,Salmās,IR,38.1973,44.7653,26.6,93,20,6.91
1789053,Xingao,CN,39.0261,112.9616,51.06,42,0,3.36
2270408,Calheta,PT,32.7167,-17.1833,56.37,63,40,14.97
2250677,Kayar,SN,14.9192,-17.1211,67.15,56,0,19.57
779350,Karasjok,NO,69.4719,25.5112,5.0,72,75,35.68
288602,Camp,OM,20.6667,58.8833,74.61,77,0,7.99
2476403,Timimoun,DZ,29.2639,0.231,82.4,16,100,17.27
2023584,Imeni Poliny Osipenko,RU,52.4201,136.4853,1.4,92,74,2.42
1219899,Amansha,TM,37.6333,61.9,50.0,40,90,6.91
2038665,Alihe,CN,50.5667,123.7167,6.69,93,100,1.66
1279982,Sima,CN,31.9833,91.0833,27.16,60,98,8.63
192950,Kenya,KE,1.0,38.0,83.61,47,49,10.76
3855715,Eugenio Bustos,AR,-33.7773,-69.0704,75.79,36,0,6.42
1505991,Igarka,RU,67.4667,86.5833,-35.81,82,80,5.35
1813419,Datuo,CN,28.05,112.95,68.0,64,0,2.24
5877395,Valdez-Cordova Census Area,US,61.5006,-144.5006,6.73,94,100,2.84
2280761,Tiassalé,CI,5.8983,-4.8283,79.54,65,6,4.12
3938526,Ica,PE,-14.3325,-75.4997,65.88,72,100,5.55
1114929,Bukhara,UZ,40.0,64.0,46.4,66,0,6.91
2027316,Ayan,RU,56.45,138.1667,-2.72,82,93,9.73
2122894,Nevel'sk,RU,46.6733,141.8633,21.2,68,40,4.47
527299,Mezhdurechensk,RU,63.2456,48.5533,-26.52,85,20,5.21
286245,Sur,OM,22.5667,59.5289,70.47,74,0,2.64
933366,Maun,BW,-19.9833,23.4167,75.2,100,20,4.61
1623197,Tual,ID,-5.6667,132.75,83.23,80,12,18.84
2356982,Province de l’Oudalan,BF,14.6667,-0.3333,77.54,15,0,9.46
691497,Tlumach,UA,48.864,25.0033,29.25,86,95,3.98
2729907,Longyearbyen,SJ,78.2186,15.6401,24.8,68,40,13.8
1794831,Shizikou,CN,29.9872,112.013,70.0,60,96,7.94
1498087,Nadym,RU,65.5333,72.5167,-28.14,85,94,8.1
8054118,Mositai,CN,45.5363,119.6697,11.57,92,68,19.82
319487,Çandarlı,TR,38.935,26.934,47.8,62,0,6.91
2490138,Marhoum,DZ,34.4468,-0.1947,48.36,66,100,15.57
3141682,Rjukan,NO,59.8789,8.5941,35.73,94,100,3.87
1490918,Staryy Nadym,RU,65.6118,72.6842,-28.17,84,96,7.87
1529595,Beishanyanchi,CN,44.7667,91.2333,32.25,88,55,4.7
5947462,Eldorado,CA,59.5505,-108.5016,15.8,86,100,7.38
3858677,El Calafate,AR,-50.3408,-72.2768,48.78,67,58,10.89
2012530,Zhigansk,RU,66.7697,123.3711,-26.37,84,100,4.85
576093,Blagoyevo,RU,63.3667,47.9167,-26.05,84,18,5.39
3122806,Establés,ES,41.0077,-2.0244,47.91,69,100,1.99
3874982,Puerto Cisnes,CL,-44.75,-72.7,49.62,83,80,4.5
2258534,Lekoumou Department,CG,-3.0,13.5,70.7,95,100,3.58
5969475,Hall Beach,CA,68.7913,-81.236,-9.4,84,75,9.22
1861661,Imazu,JP,36.1667,133.3167,59.04,71,0,25.05
8018194,Putrajawa,ID,-7.0054,108.0109,72.9,89,99,2.53
2147554,Tallimba,AU,-34.0,146.8833,81.23,40,24,8.08
4968996,Knox,US,43.8501,-69.3328,25.93,63,1,9.28
4881551,West Union,US,42.9628,-91.8082,24.13,100,90,5.75
7582820,Linha Floresta,BR,-25.1131,-53.8626,75.2,78,40,4.61
5984875,Ivujivik,CA,62.4174,-77.9159,16.12,96,93,19.93
5848652,Kaunakakai,US,21.0933,-157.0239,70.86,64,1,10.36
380173,Ed Damer,SD,17.5928,33.9592,71.28,22,0,11.36
1279812,Wangda,CN,29.6833,97.9,22.46,67,0,6.29
5131073,Phelps,US,42.9576,-77.0575,22.95,58,1,7.45
3792383,Agustin Codazzi,CO,10.0341,-73.2361,82.02,51,37,4.99
5577158,Fort Morgan,US,40.2503,-103.8,30.85,55,1,4.61
1785694,Yunnan Province,CN,25.0,102.0,55.35,67,45,4.7
2334018,Konkwesso,NG,10.8469,4.0984,80.2,14,44,6.13
3422887,Ittorisseq,GL,70.45,-22.45,26.29,95,100,16.08
3395042,Mazagão,BR,-0.115,-51.2894,77.0,94,75,6.91
203717,Yangambi,CD,0.8102,24.4336,79.12,56,71,3.2
2082282,State of Chuuk,FM,7.454,151.805,82.4,78,90,8.05
1267939,Kapadvanj,IN,23.0167,73.0667,77.0,33,0,5.84
3418910,Upernavik,GL,72.7868,-56.1549,-19.53,88,94,14.16
2029558,Ovoot,MN,45.3042,113.8498,1.85,90,88,8.86
5836068,Rawlins,US,41.7911,-107.2387,22.06,68,90,20.71
2210554,Sirte,LY,31.2089,16.5887,60.3,63,61,13.6
5866302,Kinegnak (historical),US,58.65,-162.2,-0.08,78,40,23.02
2307145,Nsok,GQ,1.1299,11.266,71.85,92,100,3.33
2309528,Luba,GQ,3.4568,8.5547,82.4,74,20,6.91
5359595,Inverness,US,38.101,-122.8569,51.35,71,1,6.42
5846871,Gustavus,US,58.4133,-135.7369,37.58,75,90,9.22
226853,Paidha,UG,2.4167,30.9855,74.88,34,96,4.18
3671348,Puerto Rico,CO,1.9142,-75.145,77.9,69,95,5.48
5840786,Teton,US,43.9166,-110.5841,24.8,74,90,17.27
481548,Troitsko-Pechorsk,RU,62.7084,56.1964,-31.72,83,99,7.29
1489853,Tazovsky,RU,67.4667,78.7,-37.35,82,31,5.17
7602866,Borkou Region,TD,18.25,18.5,68.92,21,74,12.03
352603,Matruh Governorate,EG,29.7,27.5,62.89,32,0,2.37
2076017,Borroloola,AU,-16.0667,136.2833,82.49,76,57,7.99
3363441,Ocean View,ZA,-34.1486,18.3536,63.73,55,0,18.41
780524,Burfjord,NO,69.938,22.0521,10.53,66,75,23.02
2022572,Khatanga,RU,71.9667,102.5,-21.89,87,100,10.74
2074865,Carnarvon,AU,-24.8667,113.6333,82.4,89,61,11.5
114593,Susa,IR,32.1942,48.2436,59.58,40,0,9.84
2906649,Helse,DE,53.9833,9.0,46.9,93,20,2.3
2809944,Wetterzeube,DE,51.0,12.0167,46.49,81,0,3.44
3556334,Jatibonico,CU,21.9419,-79.17,72.61,79,0,12.62
7905767,Nāḩiyat as Sab‘ Biyār,SY,33.5323,38.0082,43.84,62,65,16.71
6149013,Skookumchuck,CA,49.9166,-115.7354,38.52,65,75,19.57
2013727,Vanavara,RU,60.34,102.2797,-15.72,89,92,3.4
1270543,Hāflong,IN,25.1833,93.0333,66.81,49,0,1.43
8030386,Safende,CV,15.369,-25.8398,71.04,78,0,20.13
606714,Backa,SE,64.9833,21.0667,13.12,92,90,4.61
1490256,Talnakh,RU,69.4865,88.3972,-30.37,82,90,4.9
5955840,Fort Good Hope,CA,66.257,-128.6374,-28.97,84,0,2.3
1728675,Balabac,PH,7.9868,117.0645,79.38,75,79,11.7
1966827,Kali,ID,1.1627,121.4278,79.02,80,69,9.33
4174280,Summerfield,US,29.0086,-82.0348,62.29,72,1,9.22
3661980,Tarauaca,BR,-8.1614,-70.7656,72.59,95,99,1.97
7521903,Banana Village,KI,1.9833,-157.3653,75.2,94,75,8.05
2381659,Aleg,MR,17.0481,-13.9209,83.07,11,0,12.28
5880054,Barrow,US,71.2906,-156.7887,-4.0,71,90,10.36
6354929,Tom Price,AU,-22.6939,117.7931,89.6,43,40,24.16
1275920,Bhīnmāl,IN,25.0,72.25,74.57,19,0,8.08
1524296,Esil,KZ,51.9556,66.4042,-17.46,88,10,5.55
6949250,La Grande-4,CA,53.756,-73.6798,14.0,73,1,11.5
1622167,Wamena,ID,-3.9167,138.7333,55.8,100,86,0.89
2231565,Fontain,CM,5.7333,10.9167,72.43,40,100,2.95
4274450,Lincoln,US,39.0408,-98.1448,34.39,51,1,12.66
6065460,Manson Creek,CA,55.6665,-124.4865,27.99,93,6,11.05
5945789,East LaHave,CA,44.3168,-64.3654,24.26,59,35,5.75
780686,Berlevåg,NO,70.8581,29.0853,2.3,78,20,17.27
3025149,Chilly,FR,45.9933,5.9534,45.21,76,0,2.3
4034749,Wallis et Futuna,WF,-13.3,-176.2,81.95,82,100,30.56
2178253,Adventure Bay,AU,-43.3667,147.3333,59.88,82,75,5.75
6049953,La Reine,CA,48.8669,-79.4997,24.08,95,100,14.05
6151989,Southend Reindeer,CA,56.3169,-103.2341,30.2,93,100,1.14
2123278,Mil'kovo,RU,54.7167,158.6167,16.03,96,99,7.65
1279715,Xigaze,CN,29.25,88.8833,33.17,65,96,2.62
2121373,Seymchan,RU,62.8833,152.4333,-25.26,81,100,1.12
1279860,Darya Boyi,CN,38.3833,82.0,48.36,40,0,8.93
5992044,Kimball,CA,49.0833,-113.2019,41.0,56,75,26.46
3133145,Utsira,NO,59.3057,4.8862,43.7,87,75,10.36
2377457,Nouadhibou,MR,20.931,-17.0347,66.2,82,0,19.57
2705718,Högsby,SE,57.166,16.0256,34.25,100,100,6.91
5974227,Heron Bay,CA,48.6668,-86.2832,32.0,80,100,9.22
7626930,Sokehs Municipality,FM,6.9327,158.1427,82.4,78,75,6.91
1790534,Changning,CN,35.9798,110.8221,49.82,43,0,5.08
2101169,Aitape,PG,-3.1374,142.3475,81.3,77,54,4.47
2030251,Ihbulag,MN,43.2,107.2,33.06,86,3,16.08
101627,Tabuk,SA,27.5,37.3333,53.64,39,0,10.09
2071379,Forrest,AU,-30.85,128.1,66.2,55,0,18.41
1695546,Pandan,PH,14.0453,124.1694,78.15,90,100,19.84
8079140,Tambakrejo,ID,-8.3111,112.1429,79.68,79,15,3.74
6547288,Jerada,MA,34.2366,-2.0428,50.0,71,75,23.02
3383337,Distrikt Para,SR,5.4167,-55.3333,79.75,83,0,11.5
99350,Al Ḩayy,IQ,32.1735,46.0433,60.31,33,0,15.32
4975418,Piscataquis,US,45.8,-69.2995,22.91,53,73,6.91
6113467,Prince William,CA,45.9168,-67.0489,22.5,49,1,5.75
2122605,Okhotsk,RU,59.3833,143.3,8.76,89,98,7.36
5955950,Fort Severn,CA,55.9835,-87.6332,26.6,74,75,9.22
2098322,Dasi,PG,-2.7,141.3,79.59,82,18,3.22
3838854,Río Grande,AR,-53.7877,-67.7095,42.8,93,90,13.8
3670745,Riohacha,CO,11.5444,-72.9072,78.06,70,16,12.5
1500933,Labytnangi,RU,66.6572,66.4183,-32.94,82,70,4.0
1100188,Damião,MZ,-22.0228,35.3153,82.2,83,40,8.05
6202181,Milford Sound,NZ,-44.6684,167.92,54.64,67,0,2.51
5948965,Ennadai,CA,61.1338,-100.8842,-4.0,77,100,9.22
2016733,Shestakovo,RU,56.4915,103.96,-11.49,88,98,3.49
5790164,Clallam,US,48.0498,-123.8346,47.68,100,90,11.5
111821,Yazd,IR,32.5,55.5833,52.25,38,10,5.1
609919,Quryq,KZ,43.2,51.65,37.45,77,59,6.08
2515493,Las Cabezas de San Juan,ES,36.9838,-5.9393,52.83,76,40,9.22
5489698,San Juan,US,36.9992,-109.0409,28.4,50,1,3.44
3572601,Cooper's Town,BS,26.8667,-77.5167,67.93,74,26,25.34
2215210,Al Burayqah,LY,30.4062,19.5739,60.91,58,1,10.74
3980124,Villa Unión,MX,23.9667,-104.0333,64.4,20,1,8.05
69769,Usaylan,YE,15.032,45.8283,77.5,23,0,5.17
2014833,Tura,RU,64.2833,100.25,-28.16,84,94,2.8
1627035,Simpang,ID,-1.2667,104.0833,75.87,87,99,2.66
2634428,Western Isles,GB,57.6667,-7.1667,44.8,81,20,19.57
5994519,Kuujjuarapik,CA,55.2836,-77.7495,21.2,73,90,18.41
3997747,Los Garza,MX,28.0833,-100.3667,61.86,55,1,8.05
6422131,Huangtang,CN,26.0394,112.035,65.19,69,75,4.29
3692994,Quiruvilca,PE,-7.9667,-78.2,40.24,100,100,1.36
4582287,Horry County,US,33.9168,-78.9831,40.95,70,1,7.99
5924351,Clyde River,CA,70.4692,-68.5914,-18.4,76,40,3.44
2110418,Yaren,NR,-0.5472,166.916,81.73,77,90,12.75
580707,Arzhanovskaya,RU,50.1152,42.3521,24.44,87,100,7.02
471160,Voznesen'ye,RU,61.0106,35.4781,-3.05,90,82,10.94
2013279,Vostok,RU,46.4856,135.8833,-0.42,94,85,2.17
3164175,Villanova,IT,45.0265,9.9985,51.1,87,75,1.14
1128239,Rūdbār,AF,30.15,62.6,73.04,39,98,19.55
2018069,Peleduy,RU,59.6289,112.7406,-13.99,87,100,2.95
2566016,Inga,CG,-4.2464,15.2286,80.6,78,20,3.44
88903,Al Marj,LY,32.488,20.8317,48.96,83,4,7.47
480267,Turki,RU,51.987,43.2731,16.95,97,100,5.59
1651461,Amuntai,ID,-2.4177,115.2494,75.58,95,89,2.66
2063176,Point Samson,AU,-20.6333,117.2,85.44,69,30,19.08
1797039,Rulong,CN,30.9418,100.3096,34.38,59,0,0.27
3608828,Iralaya,HN,15.0,-83.2333,76.23,81,0,7.14
4166208,North Key Largo,US,25.2673,-80.3234,71.19,68,90,12.66
1269578,Jagdalpur,IN,19.0667,82.0333,72.28,31,93,6.96
3668562,Santa Rita,CO,4.8678,-68.3611,83.61,60,68,3.65
6533958,es Mercadal,ES,40.0415,4.1218,59.0,82,40,19.57
588879,Saare,EE,58.25,22.4667,34.07,100,100,4.61
2453514,Ménaka,ML,15.9182,2.4022,76.71,15,0,11.77
2493455,Illizi Province,DZ,26.8333,8.1667,69.8,9,0,6.91
2138410,Saint-Joseph,NC,-20.4,164.5667,80.98,81,99,2.77
2422442,Dabola,GN,10.75,-11.1167,85.12,22,83,2.08
1282256,Hithadhoo,MV,-0.6,73.0833,82.83,75,100,13.89
1263528,Marhaura,IN,25.9667,84.8667,71.6,49,0,4.61
1506938,Erzin,RU,50.261,95.1623,9.05,83,100,4.05
5886735,Arctic Bay,CA,73.0347,-85.1663,-18.4,69,35,3.44
6942826,La Paz,MX,24.1333,-110.3,64.2,63,1,11.5
5301067,Kingman,US,35.1894,-114.053,52.61,26,1,8.05
218229,Bongandanga,CD,1.5,21.05,80.51,45,100,2.15
2377539,Nema,MR,16.6162,-7.2535,83.82,13,0,12.88
187896,Mandera,KE,3.9366,41.867,88.3,26,88,9.04
1535379,Novoishimskiy,KZ,53.1981,66.7694,-15.05,89,45,6.46
3952372,Chuquitira,PE,-17.2878,-70.045,41.74,90,99,5.28
1266991,Khāpri,IN,21.05,79.0333,75.2,43,0,2.3
2029118,Suugaant,MN,45.5326,107.0455,22.62,83,76,13.29
2019718,Mukhen,RU,48.1,136.1,3.38,92,40,3.47
2450849,Sokolo,ML,14.7328,-6.1219,81.7,15,0,10.09
3862254,Catriel,AR,-37.8791,-67.7956,78.76,17,0,20.33
3841894,Paso de Indios,AR,-43.8623,-69.046,53.47,43,55,21.36
1917124,Xiaozhen,CN,23.9854,114.026,62.42,66,0,2.19
4030699,Pitcairn Islands,PN,-25.0667,-130.1,77.77,73,8,10.11
3659210,Chinchipe,EC,-2.2,-81.0,76.59,75,100,7.54
4675536,Bolivar Peninsula,US,29.4783,-94.5799,59.85,82,90,4.61
2634950,Virkie,GB,59.8833,-1.3,46.4,81,0,16.11
2473803,El Borma,TN,31.6917,9.2062,68.7,21,9,6.51
3558315,Gibara,CU,21.1097,-76.1317,77.0,69,20,13.8
6620042,L'Oudon,FR,48.9971,0.0097,53.92,71,0,9.22
4036495,Nikao,CK,-21.2067,-159.8094,75.2,100,90,1.14
1262062,Naliya,IN,23.2667,68.8333,75.52,25,0,9.22
6091069,Northwest Territories,CA,69.5006,-121.5044,-23.8,76,100,27.63
1626542,Sorong,ID,-0.8833,131.25,82.8,72,99,1.66
3421193,Paamiut,GL,61.994,-49.6678,14.85,90,65,11.81
2474871,Zaouia Sidi Bekri,DZ,27.7925,-0.2468,78.8,17,68,16.11
3572603,Congo Town,BS,24.1667,-77.5833,73.69,78,97,26.55
5462567,Colfax,US,36.8756,-105.1261,29.32,46,1,12.66
7302494,Nai Harn,TH,7.7786,98.3066,82.4,69,20,5.75
1996551,Riau Islands,ID,0.6167,106.9833,79.43,81,35,16.98
5887666,Asinkaanumevatt,CA,52.2581,-96.8525,26.6,68,100,8.05
1807687,Huaicheng,CN,23.9051,112.1931,71.31,58,8,1.12
1508961,Borki,RU,58.4858,92.0823,-12.42,89,91,5.48
1271940,Farrukhnagar,IN,17.0778,78.2011,75.81,69,75,5.75
2067890,Laverton,AU,-28.6333,122.4167,82.51,17,0,14.72
1213530,Tanjungtiram,ID,4.0613,98.3699,82.4,83,40,5.75
5062096,Stutsman,US,46.9583,-98.9336,32.23,55,1,6.91
5989203,Kangiqsualujjuaq,CA,58.6914,-65.9525,0.73,93,100,9.8
1260771,Palāsa,IN,18.7667,84.4167,72.99,60,99,5.32
1213721,Sinabang,ID,2.4803,96.3801,83.91,68,14,3.76
3003045,Le Palais,FR,47.3456,-3.1541,52.81,87,0,11.5
744873,Kagizman,TR,40.1567,43.1342,6.8,78,0,5.75
7654016,Mmale,BW,-22.2827,26.9834,74.91,61,100,6.11
1143816,Dasht-e Qal‘ah,AF,33.03,63.8394,55.78,40,100,2.86
4025994,Coahuayana de Hidalgo,MX,18.7,-103.6583,68.61,78,0,2.24
2077456,Australia,AU,-25.0,135.0,98.73,15,0,9.51
1643812,Gotalalamo,ID,2.0333,128.3167,82.26,76,100,7.54
1529531,Dunhuang,CN,40.1667,94.6833,44.2,48,100,6.06
2476301,Tindouf,DZ,27.6711,-8.1474,62.6,34,40,16.11
132142,Ostān-e Hamadān,IR,34.8333,48.5833,33.62,87,39,5.53
480453,Tumbotino,RU,55.9993,43.0236,5.0,78,75,4.47
2017384,Rudnaya Pristan',RU,44.3614,135.8116,22.06,87,97,8.01
664902,Titeşti,RO,45.0167,25.0,33.67,92,33,4.16
3665361,Amazonas,BR,-5.0,-63.0,74.98,94,88,2.91
1309611,Myeik,MM,12.4333,98.6,77.54,70,100,6.53
5983202,Inglis,CA,50.9447,-101.252,26.24,97,100,14.07
7037155,Wonorejo,ID,-8.0691,113.0708,71.1,87,76,2.28
3473817,Porto Velho,BR,-32.0333,-52.0917,73.99,87,0,1.99
1641977,Kalianget,ID,-7.05,113.9333,80.56,82,17,11.16
1152562,Kui Buri,TH,12.0828,99.8543,73.94,80,100,2.95
609862,Atyraū Oblysy,KZ,47.0,52.0,21.2,79,0,6.71
148617,Aghdam Rayon,AZ,40.0,47.0,36.52,83,34,4.23
1816373,Bijie,CN,27.3125,105.2942,54.01,75,79,1.36
2399001,Mayumba,GA,-3.432,10.6554,77.79,82,100,3.47
2028357,Ulaan-Uul,MN,46.0674,100.8172,11.53,76,0,7.29
2018813,Novyy Uoyan,RU,56.1572,111.7056,-5.01,85,100,1.99
6126200,Rochfort Bridge,CA,53.9169,-115.0355,42.8,49,90,14.97
779622,Havoysund,NO,70.9963,24.6622,10.4,79,70,28.77
2015913,Suntar,RU,62.1444,117.6319,-16.89,88,99,5.39
1280878,Kangxiwar,CN,36.2,78.7667,27.7,61,37,12.44
1525736,Barshatas,KZ,48.1697,78.6614,6.28,91,99,4.52
1501706,Krutikha,RU,53.9599,81.2093,2.52,93,98,8.63
1688119,Santa Josefa,PH,7.9911,126.03,72.9,93,100,0.49
6116548,Rankin Inlet,CA,62.8173,-92.0832,-4.0,71,90,6.91
2333064,Kuta,NG,9.8667,6.7167,86.0,25,90,2.3
1281019,Hotan,CN,37.0997,79.9269,46.78,43,75,5.61
2830425,Spindelwag,DE,48.0,10.0,43.54,81,0,5.75
3919884,Colchani,BO,-20.3,-66.9333,50.52,65,96,24.43
1637001,Luwuk,ID,-0.9516,122.7875,80.31,77,64,2.19
1799319,Niuchehe,CN,29.0485,110.975,64.49,75,100,3.96
443187,Karaman Province,TR,37.0833,33.25,22.06,90,58,6.76
8054418,Shangdu,CN,42.25,116.008,23.56,97,47,6.89
151610,Ngorongoro,TZ,-3.2397,35.4875,55.85,99,100,0.92
1054329,Vangaindrano,MG,-23.35,47.6,79.84,88,0,7.05
5974962,Highland Grove,CA,45.0668,-78.0828,21.27,63,93,3.44
96994,Dahuk,IQ,36.8695,42.994,39.87,72,55,1.83
3929520,San Juan de Marcona,PE,-15.3653,-75.1622,69.67,77,49,11.88
1337619,Ugoofaaru,MV,5.6667,73.0,81.88,77,100,10.27
3357114,Grootfontein,NA,-19.5667,18.1167,65.48,89,100,12.93
3854988,Gobernador Costa,AR,-44.0499,-70.598,45.0,64,0,14.67
2029624,Ongon,MN,46.9826,103.7839,10.22,92,44,1.9
7645217,Losap,FM,6.894,152.74,82.09,78,67,18.97
908734,Lyembo,ZM,-14.2333,28.2333,67.41,90,100,1.19
1499385,Manzya,RU,58.4922,96.2617,-16.51,86,72,1.66
146183,Perivólia,CY,34.8292,33.5833,51.35,50,20,10.36
3581511,Orange Walk District,BZ,17.8333,-88.8333,69.01,78,59,1.72
2016443,Skovorodino,RU,53.9833,123.9167,-9.08,85,68,5.26
295629,Ashdod,IL,31.8167,34.65,52.25,62,0,8.68
5927708,Coral Harbour,CA,64.1341,-83.1662,1.4,85,75,9.22
5877543,Wainwright,US,70.6369,-160.0383,-13.16,89,100,14.5
519705,Novaya Derevnya,RU,63.9011,38.0602,-21.84,85,16,5.35
2322552,Takum,NG,7.2667,9.9833,77.94,18,100,1.68
3495684,Oviedo,DO,17.8014,-71.401,75.94,73,6,9.98
3516522,Soto la Marina,MX,23.7667,-98.2167,66.99,81,0,10.0
3674293,Mosquera,CO,2.5086,-78.4511,80.24,78,100,7.96
5983720,Iqaluit,CA,63.7506,-68.5145,-15.3,76,75,4.61
2025197,Dada,RU,49.1678,136.4726,4.06,94,92,7.38
3831682,Dundas,GL,76.55,-68.8,-15.48,77,100,2.1
2013465,Verkhoyansk,RU,67.5447,133.385,-35.39,79,3,0.6
2035189,Sanchahe,CN,44.9631,126.0153,14.95,97,99,7.38
5650429,Eden,US,47.27,-111.2722,38.89,60,1,39.12
2524842,Domus de Maria,IT,38.944,8.8635,59.34,82,20,19.57
3863503,Cafayate,AR,-26.073,-65.9761,69.19,58,73,7.43
1510695,Baykalovsk,RU,70.69,83.62,-30.3,83,95,6.15
2094342,Kavieng,PG,-2.5744,150.7967,82.72,78,53,7.47
1843491,Iksan,KR,35.9439,126.9544,55.4,54,1,10.36
5870308,North Slope,US,69.2506,-152.0006,-11.97,90,100,10.67
2290609,Dabakala,CI,8.3667,-4.4333,83.61,15,72,3.6
71687,Rudum,YE,14.0851,47.7431,72.25,67,12,5.32
6157570,Stony Rapids,CA,59.2603,-105.8351,23.0,93,90,5.75
2068145,Kulpara,AU,-34.0667,138.0333,60.01,75,0,5.01
3986553,San Jerónimo de Juárez,MX,17.1333,-100.4667,74.39,70,100,6.11
3832376,Yacimiento Río Turbio,AR,-51.5732,-72.3508,36.46,97,8,5.66
1265534,Kurāra,IN,25.9833,79.9833,69.78,26,0,3.62
80509,Al Bardīyah,LY,31.7561,25.0865,56.48,74,44,12.84
3437689,Naranjal,PY,-25.9667,-55.1833,84.2,61,0,3.44
3874943,Quellón,CL,-43.1167,-73.6167,53.6,82,90,3.44
211384,Longanio,CD,-2.25,23.3,73.92,75,50,2.04
841412,Yuzhnyy,RU,45.0222,41.0097,29.91,99,94,6.35
1270118,Hesla,IN,24.0667,85.8833,69.04,25,0,6.35
1788491,Xinzhai,CN,36.9428,107.9476,48.69,47,45,6.38
3027582,Chalabre,FR,42.9825,2.0054,53.46,76,90,14.97
2315417,Inongo,CD,-1.95,18.2667,80.62,64,79,0.78
2282006,San-Pédro,CI,4.7485,-6.6363,79.09,87,27,6.8
5971679,Harty,CA,49.4835,-82.6831,29.28,74,90,17.27
102527,Sakakah,SA,29.9697,40.2064,59.0,36,0,9.22
4923096,Lynn,US,40.0498,-84.9397,35.31,80,90,14.97
3153910,Hansnes,NO,69.9624,19.6186,15.37,68,0,36.82
2215636,Libya,LY,25.0,17.0,59.97,30,0,11.34
2110384,Funafuti,TV,-8.5172,179.1305,80.6,83,90,6.91
4030656,French Polynesia,PF,-15.0,-140.0,80.73,67,65,7.56
1298480,Sagaing Region,MM,23.5,95.5,75.4,37,0,2.51
215771,Isiro,CD,2.7739,27.616,70.72,52,92,1.92
6116154,Raleigh,CA,51.5668,-55.7313,3.42,66,1,14.97
780166,Finnmark,NO,70.0,25.0,5.81,72,75,33.38
2064155,Onslow,AU,-21.65,115.1,87.46,59,27,6.85
2032490,Bayan-Ovoo,MN,49.0167,111.6333,-2.11,83,0,6.42
2093846,Kiunga,PG,-6.1219,141.2906,80.82,78,99,1.21
3397873,Itaú,BR,-5.8397,-37.9928,83.23,60,80,9.33
579432,Balezino,RU,57.9796,53.0106,-6.74,91,100,5.64
396460,Khushaybī al Ḩaḑar,SA,25.7621,43.2835,64.78,51,43,17.65
2017370,Russia,RU,60.0,100.0,-16.06,89,100,3.11
3463120,Formoso,BR,-14.9467,-46.2319,71.91,81,86,4.59
3690733,Yauya,PE,-8.9833,-77.3,52.86,70,100,2.8
5350605,Frazier Park,US,34.8228,-118.9448,48.42,21,1,21.85
2176715,Barringun,AU,-29.0167,145.7167,94.17,23,52,10.78
2025630,Chara,RU,56.9064,118.2631,-17.81,76,63,3.44
3479308,Paind do Araguaia,BR,-11.4403,-50.3142,73.54,93,100,3.29
4956915,Ash Point,US,44.0556,-69.0867,25.61,54,1,4.61
1516593,Zhezdi,KZ,48.0644,67.0539,10.63,93,100,6.93
1736305,Kuala Kedah,MY,6.1,100.3,81.0,74,20,5.75
3424607,Tasiilaq,GL,65.6145,-37.6368,32.0,93,75,39.12
653760,Kaskinen,FI,62.3759,21.2261,33.1,97,100,9.46
1525504,Belogor’ye,KZ,51.5297,77.4714,8.42,93,100,7.56
2630299,Hofn,IS,64.2539,-15.2082,41.36,74,100,5.1
3393764,Oeiras,BR,-7.0253,-42.1311,75.85,88,75,2.51
6114685,Qikiqtarjuaq,CA,67.5555,-64.0249,-20.2,83,1,10.36
3520161,Sabancuy,MX,18.9667,-91.1833,72.84,73,10,7.09
3827832,Rumo Cocha,PE,-3.7792,-73.3119,78.8,83,0,1.86
6152248,South Indian Lake,CA,56.7795,-98.9281,27.41,98,100,9.89
3441442,Ombues de Lavalle,UY,-33.9167,-57.7833,75.0,67,0,6.06
103035,Rābigh,SA,22.7986,39.0349,74.34,46,48,10.49
549748,Kholmogory,RU,64.2229,41.656,-20.2,76,0,4.47
2387440,Dam,CF,6.4833,17.4333,78.71,20,100,1.95
2125072,Kamchatka,RU,55.0,159.0,13.95,97,100,6.85
2087362,Salamo,PG,-9.6603,150.7856,82.85,77,100,2.77
7839384,Paroo,AU,-27.9874,145.7175,91.24,25,14,7.16
4968894,Kingfield,US,44.9592,-70.154,24.49,50,1,8.05
1648512,Bobong,ID,-1.947,124.3829,81.95,71,87,1.7
216404,Gbadolite,CD,4.2833,21.0167,80.49,36,100,0.76
5859193,Chignik,US,56.2953,-158.4022,23.74,93,91,13.53
688279,Yavoriv,UA,49.0167,22.914,32.68,85,95,1.99
3445983,Tucano,BR,-10.9631,-38.7867,81.55,59,73,8.7
66108,Shāhrūd,IR,36.4167,55.0167,38.03,74,16,9.6
6062100,Lupin Mine,CA,65.7643,-111.2232,-27.4,75,13,13.8
1517529,Uzynkair,KZ,45.7167,60.9,30.47,86,63,16.17
3388145,São Raimundo Nonato,BR,-9.0153,-42.6994,77.36,71,97,0.69
2028051,Akana,RU,63.9,119.0167,-24.05,87,98,4.41
4770766,Louisa,US,38.0251,-78.0042,32.68,47,1,3.44
1540475,Turtas,RU,58.9417,69.1325,-15.21,89,100,5.73
3114980,Urduña / Orduña,ES,42.9944,-3.0097,51.49,71,75,11.5
5274473,Stanley,US,44.96,-90.9371,24.64,86,90,5.75
5877087,Uganik,US,57.7667,-153.4,30.2,80,90,3.44
2158977,Mallacoota,AU,-37.55,149.75,68.0,83,57,3.0
3526756,Isla Mujeres,MX,21.2311,-86.731,74.59,73,20,5.75
1792999,Tiandeng,CN,23.1266,107.0937,68.74,57,9,8.28
3462710,Galheiro,BR,-18.9667,-51.95,78.78,61,82,5.21
2066859,Marvel Loch,AU,-31.4667,119.4667,82.11,21,0,7.27
3423146,Ilulissat,GL,69.2167,-51.1,6.8,78,75,6.91
1799897,Nanma,CN,36.1817,118.1583,62.1,37,80,2.64
1860941,Jūrokuban,JP,30.6,130.9833,61.29,75,0,10.89
6691320,Nord-du-Québec,CA,51.962,-74.8961,13.93,97,89,8.23
3141548,Rognan,NO,67.0953,15.3878,21.2,86,75,39.12
5887448,Arviat,CA,61.1088,-94.0585,-0.4,85,90,2.3
1529626,Baijiantan,CN,45.6333,85.1833,27.55,96,100,4.65
6137052,Sachs Harbour,CA,71.9841,-125.2463,-32.15,84,100,7.18
153214,Morogoro,TZ,-8.0,37.0,77.36,77,71,3.85
1614696,Pak Chom,TH,18.0206,101.8983,75.2,60,0,2.08
2183619,Raumati South,NZ,-40.95,174.9833,62.33,55,100,18.41
5873776,Seward,US,60.1042,-149.4422,22.55,58,1,5.1
2220853,Yokadouma,CM,3.5167,15.05,79.47,26,94,3.42
3980487,Venado,MX,22.9333,-101.0833,68.38,22,0,5.17
2597172,Tiapoum,CI,5.1362,-3.0231,80.49,83,19,9.95
1628757,Sangkulirang,ID,0.9833,117.9667,74.26,93,72,3.02
2017155,Saskylakh,RU,71.9167,114.0833,-29.43,84,0,2.1
3467850,Campinhos,BR,-14.8667,-40.8833,69.17,74,99,5.95
3581418,Privassion Camp,BZ,17.0333,-88.95,69.4,88,75,4.61
3854981,Gobernador Gregores,AR,-48.7506,-70.2474,50.34,71,100,4.45
1518062,Torghay,KZ,49.6339,63.4981,-11.6,88,29,7.45
2089478,Northern Province,PG,-9.0,148.5,77.0,87,97,3.38
3661948,Marechal Thaumaturgo,BR,-8.9411,-72.7917,73.0,98,97,2.86
209598,Manono,CD,-7.3,27.4167,70.9,92,100,1.66
698247,Oster,UA,50.9506,30.8823,35.83,75,98,4.47
1061412,Mananara,MG,-16.1667,49.7667,77.76,87,99,4.14
933077,Shakawe,BW,-18.3667,21.85,69.71,89,100,6.51
363533,Zalingei,SD,12.9096,23.4741,72.88,21,58,6.46
2179671,Manawatu-Wanganui,NZ,-39.95,175.0167,59.0,86,83,2.55
1307641,Myoma,MM,20.1333,92.8833,77.9,54,0,11.48
6445087,Saint-Mandrier-sur-Mer,FR,43.0667,5.9333,55.87,72,0,23.02
3406001,Batalha,BR,-4.025,-42.075,76.14,91,95,3.67
1538730,Omskiy,RU,57.6356,91.9072,-7.28,91,92,5.97
1528998,Yumen,CN,40.2833,97.2,42.08,57,100,9.53
2485794,Ouargla Province,DZ,30.5,6.1667,74.77,18,100,13.71
3370221,Banghoek,ZA,-33.9167,18.9167,63.72,55,0,18.41
2032436,Bayasgalant,MN,46.9833,112.05,1.8,87,36,12.48
478050,Ust'-Kulom,RU,61.6864,53.6902,-28.21,83,47,5.57
5955550,Forest Lawn Industrial,CA,51.0334,-113.9687,41.5,36,40,13.8
3685070,Durania,CO,1.2667,-70.1833,77.74,76,91,3.04
1522605,Kīevka,KZ,50.2619,71.5514,6.78,95,100,9.57
5882640,Aguanish,CA,50.2168,-62.0818,17.6,45,1,10.36
2841488,Sankt Peter,DE,48.0167,8.0333,46.54,76,0,2.3
3374351,Pombas,CV,17.1503,-25.0201,69.8,68,40,19.57
389469,Baladīyat ar Rayyān,QA,25.2,51.05,70.34,60,40,12.66
3581398,Punta Gorda,BZ,16.0984,-88.8097,69.8,88,75,4.61
921745,Nioumachoua,KM,-12.3614,43.7153,83.73,69,100,3.71
1808212,Hechuan,CN,29.9947,106.2572,67.17,49,0,6.71
7627186,Pingelap,FM,6.2059,160.7033,82.29,78,4,19.82
2444219,Gouré,NE,13.9835,10.2704,75.99,12,94,7.0
2426991,Ngardiana,TD,13.2341,18.2975,77.14,17,0,11.39
749100,Çilimli,TR,40.8936,31.0492,34.16,87,20,2.13
1605742,Ta Phraya,TH,14.0031,102.8054,83.25,30,99,2.98
524100,Muyezerskiy,RU,63.9333,31.65,-10.48,89,98,10.92
1632998,Pamanukan,ID,-6.2842,107.8106,78.13,84,87,5.44
4063619,Gadsden,US,34.0143,-86.0066,49.84,35,1,4.61
828886,Horad Pinsk,BY,52.1214,26.0728,32.94,97,100,8.19
5933900,Cumberland House,CA,53.9668,-102.2676,30.49,99,100,14.5
5335846,Channel Islands Beach,US,34.1581,-119.2232,57.36,62,1,6.91
3848949,La Rioja Province,AR,-30.0,-67.5,69.51,62,0,7.25
1627520,Seratak,ID,-3.4,116.2333,77.05,88,95,0.54
2723201,Bastuträsk,SE,65.0,17.6833,7.38,85,90,3.44
3385899,Tutóia,BR,-2.7619,-42.2744,80.74,82,61,9.31
2439812,Say,NE,13.1007,2.3689,84.2,7,28,4.61
1240622,Kelaniya,LK,6.9553,79.922,78.8,83,20,3.44
1280194,Qümong,CN,32.9777,98.098,17.49,77,100,5.73
2146616,Tilpa,AU,-30.95,144.4,91.04,25,50,6.33
162199,Annau,TM,37.8876,58.516,44.6,53,75,4.61
3935619,Madre de Dios,PE,-12.0,-70.25,68.92,99,100,0.11
7641247,Huangbai,CN,25.9553,116.006,67.44,62,10,2.86
1695180,Simbahan,PH,6.3032,120.5836,80.42,80,87,16.24
3424424,Atammik,GL,64.8,-52.2167,22.03,89,62,15.41
2122104,Petropavlovsk-Kamchatskiy,RU,53.0452,158.6483,24.8,80,40,2.24
798536,Rabocheostrovsk,RU,64.9855,34.7661,-15.84,89,85,11.36
3844933,Maquinchao,AR,-41.25,-68.7333,57.09,37,100,22.59
2123814,Leningradskiy,RU,69.3833,178.4167,-14.08,87,99,7.65
7626924,Mokil Municipality,FM,6.688,159.757,82.42,77,62,20.11
5941588,Donkin,CA,46.1834,-59.8651,24.91,63,90,17.27
3382998,Suriname,SR,4.0,-56.0,76.71,73,98,1.79
2122229,Paratunka,RU,52.95,158.2333,24.8,80,40,2.24
5192657,Harleigh,US,40.9806,-75.9713,21.9,63,1,2.59
6947098,Rigolet,CA,54.1701,-58.4344,1.63,91,63,7.63
1831172,Kampong Cham,KH,12.0833,105.5833,80.82,38,23,4.65
2119625,Yagodnoye,RU,64.65,170.4,-22.7,74,0,1.28
5963145,Goose Creek,CA,58.6751,-94.1448,6.8,85,20,6.91
910361,Limulunga,ZM,-15.0969,23.1376,69.64,88,90,2.19
1182872,Bhag,PK,29.0415,67.8239,76.19,18,0,2.33
5880568,Bethel,US,60.7922,-161.7558,-10.48,77,1,6.91
7839592,Longreach,AU,-23.876,143.8671,91.4,25,2,5.75
242048,Salamat Region,TD,11.0,20.5,78.89,17,77,2.57
1488616,Uk,RU,55.079,98.8586,-2.78,92,97,3.24
2156785,Mossgiel,AU,-33.2667,144.5667,85.24,37,19,6.42
5609855,Teton,US,43.9166,-111.3761,26.15,80,90,13.8
1641510,Kangboi,ID,1.0833,104.05,79.29,74,40,11.5
6558470,Waddeweitz,DE,53.0064,10.971,43.56,81,20,2.3
3450206,Santa Helena de Goiás,BR,-17.8136,-50.5969,74.3,84,55,4.07
1507203,Drovyanoy,RU,72.4017,72.7625,-4.2,92,100,7.45
4704395,Lake Brownwood,US,31.8357,-99.0078,54.41,38,20,9.22
1494482,Polunochnoye,RU,60.8697,60.4153,-21.21,88,100,4.52
3419714,Kangerlussuaq,GL,67.0088,-50.6894,-13.0,77,76,6.91
2127436,Yokohama,JP,41.0833,141.25,30.56,93,75,5.75
788709,Leskovac,RS,42.9981,21.9461,44.19,61,0,10.36
6170031,Tuktoyaktuk,CA,69.4541,-133.0374,-11.2,77,90,21.85
5874713,Soo City (historical),US,66.7167,-151.4833,-27.4,75,20,3.44
3665202,Aripuanã,BR,-9.1667,-60.6333,72.3,98,94,0.78
2013865,Ust'-Uda,RU,54.1742,103.0304,-6.72,89,81,2.57
648958,Lapponia,FI,68.0,27.0,-2.2,71,0,8.05
1636308,Manokwari,ID,-0.8667,134.0833,80.04,73,100,3.62
6184824,Wrigley,CA,63.25,-123.498,-10.05,88,100,2.24
5879302,Ambler,US,67.0861,-157.8514,-24.27,75,1,1.77
4890925,Elk Grove Village,US,42.0039,-87.9704,32.83,86,90,17.27
1256598,Sheoganj,IN,25.15,73.0667,71.56,21,0,5.08
1802162,Daxing,CN,22.9692,102.4061,50.56,100,84,0.96
2565267,Mhamid,MA,29.82,-5.72,60.1,32,100,18.5
6078372,Moosonee,CA,51.2793,-80.6345,26.6,68,1,10.36
5993072,Kitimat,CA,54.0524,-128.6534,39.7,93,90,16.11
2293260,Agnibilékrou,CI,7.1344,-3.2047,78.13,21,0,1.19
4493110,Spruce Pine,US,35.9154,-82.0646,33.24,72,80,4.79
3754114,Parque das Laranjeiras,BR,-3.0647,-60.0136,80.6,78,40,3.44
608073,Taskopa,KZ,48.8536,55.5819,-0.83,91,85,3.04
2035399,Songyuan,CN,45.1171,124.8568,12.97,96,93,4.09
8014675,Santa Cruz da Graciosa,PT,39.0776,-28.0169,60.96,89,78,27.42
5522714,Hale Center,US,34.0642,-101.8438,42.04,45,1,5.75
3982837,Sonoita,MX,31.85,-112.8333,57.99,18,0,12.41
2146205,Tarrawingee,AU,-31.4667,141.4833,86.0,28,75,23.02
6454373,Sarralbe,FR,48.9987,7.0292,48.87,53,0,3.44
2020838,Lensk,RU,60.7253,114.9278,-14.19,85,100,7.23
2435014,Bogomia I,TD,7.7962,15.6682,80.01,16,92,3.2
205297,Tambo,CD,-8.3,27.25,70.27,84,100,1.19
2077026,Batchelor,AU,-13.0667,131.0167,80.01,94,100,3.56
108190,Ash Shurayf,SA,25.7071,39.2823,66.42,24,0,8.77
2119283,Zyryanka,RU,65.75,150.85,-34.47,82,0,1.7
3432707,La Eduvigis,AR,-26.8555,-59.0684,80.6,50,0,3.44
2204113,Malsa’a,FJ,-12.4833,177.0667,83.93,74,72,7.99
2157580,Mincha,AU,-36.0167,144.0833,72.0,62,16,1.01
564191,Duminichi,RU,53.9345,35.1099,33.42,97,100,11.72
1515580,Jargalant,MN,45.7095,97.176,31.93,70,0,6.42
2505525,Bechar Province,DZ,30.25,-3.0833,66.4,26,100,19.3
1159301,Zahedan,IR,29.4963,60.8629,55.4,67,75,9.17
7839558,Barcaldine,AU,-23.052,145.4349,89.73,27,39,4.05
2966208,Belmullet,IE,54.225,-9.9908,45.09,78,0,11.01
1491600,Snezhnogorsk,RU,68.0931,87.74,-33.02,82,90,3.11
3877770,Paiguano,CL,-30.0167,-70.5333,70.39,82,0,4.61
1529376,Korla,CN,41.7597,86.1469,40.33,66,99,2.73
5855051,‘Ewa Beach,US,21.3156,-158.0072,74.23,78,90,4.61
1580240,Hue,VN,16.4667,107.6,71.6,83,40,10.36
1488903,Turukhansk,RU,65.8167,87.9833,-27.94,84,90,4.92
1802682,Longchuan,CN,25.1615,101.2942,51.48,57,50,5.95
3405304,Bom Jesus,BR,-9.0744,-44.3586,75.4,83,99,2.82
2175958,Bicheno,AU,-41.8789,148.2886,61.56,89,53,8.43
3923057,Bolivia,BO,-17.0,-65.0,78.21,69,96,1.86
2120591,Tilichiki,RU,60.4667,166.1,-6.83,88,98,8.52
5289863,Cienega Springs,US,34.1886,-114.2247,59.31,14,1,10.36
6977912,Raha Tiga,ID,-4.8271,122.7229,81.34,76,100,10.8
142358,Bābolsar,IR,36.7025,52.6576,44.6,93,90,9.22
2525089,Castelluccio Inferiore,IT,40.0039,15.9809,48.99,86,59,4.38
2129163,Mombetsu,JP,44.3525,143.3525,27.0,67,25,7.0
2028164,Deputatsky,RU,69.3,139.9,-31.02,86,0,1.57
3927158,Torata,PE,-17.0769,-70.8433,58.05,66,57,2.48
2018571,Olyokminsk,RU,60.3736,120.4264,-18.15,86,100,4.68
4158060,Harbour Heights,US,26.9909,-82.0023,67.44,63,1,10.36
4269043,Caney,US,37.0115,-95.9353,42.15,70,1,6.91
3432990,Labardén,AR,-36.9475,-58.1038,76.5,38,32,13.38
4038282,Angaur State,PW,6.906,134.13,80.6,89,90,4.61
5984185,Isachsen,CA,78.7853,-103.5048,-21.44,84,100,19.93
5735237,Klamath,US,42.6665,-121.7508,38.34,70,1,4.05
2361373,Diapaga,BF,12.0708,1.7889,78.44,14,89,6.62
6177250,Wawota,CA,49.9,-102.0343,32.0,74,100,11.5
6943715,Fort Franklin,CA,65.209,-123.3633,-32.8,75,74,3.44
2260668,Bouenza Department,CG,-4.0,14.0,72.88,90,100,6.82
1649881,Batang,ID,-6.4846,110.7083,82.4,74,40,9.22
1496745,Novosibirsk Oblast,RU,55.0,80.0,-0.94,92,100,12.28
2119272,Netten Polar Station,RU,66.9667,171.9167,-24.47,85,4,5.17
2142804,Wyandra,AU,-27.25,145.9833,89.1,27,0,8.88
103331,Qārā,SA,29.8769,40.2269,59.0,36,0,9.22
1281659,Baxkorgan,CN,39.0667,90.0833,30.94,73,100,3.65
1276574,Bela,IN,25.9333,81.9833,68.5,31,0,4.97
2126123,Chokurdakh,RU,70.6333,147.9167,-33.12,83,54,5.48
1163582,Thatta,PK,24.7475,67.9235,74.32,25,0,10.76
505230,Priozersk,RU,61.0393,30.1291,12.99,95,100,12.97
7839505,East Pilbara,AU,-21.6133,123.7137,95.32,30,68,10.36
2498541,El Bayadh Province,DZ,32.5,1.1667,69.04,19,100,18.14
2189506,Island Bay,NZ,-41.3333,174.7833,61.99,59,100,5.99
7371354,Dongke,CN,36.3349,99.6668,32.29,57,100,1.23
1851383,Susami,JP,33.55,135.5,60.8,77,20,4.61
1791440,Wenquan,CN,30.8493,115.6991,64.99,51,30,2.01
1516082,Delgermörön,MN,46.4095,98.2871,11.84,70,0,6.22
1310084,Mawnwe,MM,24.5333,94.55,70.21,41,0,2.26
933117,Sebina,BW,-20.8667,27.25,71.6,78,40,4.61
545467,Konevo,RU,62.1215,39.3192,-18.96,87,73,5.66
1514801,Birata,TM,40.482,62.1586,42.12,56,25,8.95
1504382,Kargasok,RU,59.0556,80.8572,-4.58,92,100,8.34
3878743,Neltume,CL,-39.8441,-71.9392,49.46,88,38,2.95
1494335,Posol,RU,60.0594,62.995,-17.55,89,100,3.78
6179858,Whati,CA,63.1443,-117.2757,-14.8,70,100,6.91
1252668,Ziro,IN,27.6333,93.8333,77.0,65,20,0.27
2410764,Sao Tome Island,ST,0.2,6.65,84.2,74,40,8.05
2513947,Melilla,ES,35.2937,-2.9383,57.7,67,20,13.8
3874958,Puerto Natales,CL,-51.7236,-72.4875,44.22,78,0,7.45
1678228,Keelung,TW,25.1283,121.7419,65.71,63,20,3.44
3460558,Itiquira,BR,-17.0833,-54.9333,77.97,84,99,6.24
1220401,Tagob,TJ,38.8383,68.8985,50.0,87,75,4.47
6062670,Macdiarmid,CA,49.4334,-88.1333,26.6,93,100,9.22
462022,Zubovo,RU,60.318,36.9728,-7.49,90,65,6.96
3996063,Mexico,MX,23.0,-102.0,61.41,29,0,12.62
4352577,Crisfield,US,37.9835,-75.8538,30.33,74,1,5.75
1489126,Tsementnozavodskiy,RU,67.6167,64.1,-34.51,83,42,1.79
2255404,Pool Department,CG,-3.5,15.0,76.59,73,100,2.04
5881544,Ofu,AS,-14.1753,-169.6775,78.66,86,100,21.68
5939424,Dina,CA,52.9335,-110.0849,39.2,65,90,19.57
4163379,Marathon,US,24.7138,-81.0903,72.52,73,20,20.71
2021026,Khaty,RU,63.6256,116.6703,-19.59,87,96,4.97
2073890,Coolgardie,AU,-30.95,121.1667,82.4,26,0,6.91
7839427,Karoonda East Murray,AU,-34.9285,140.0248,61.56,65,0,13.4
3893656,Copiapo,CL,-27.3667,-70.3333,60.8,82,90,10.36
4291056,Elkfork,US,37.9648,-83.1329,36.95,65,1,3.44
1545752,Port Mathurin,MU,-19.6833,63.4167,79.95,79,35,18.68
1280943,Jinta,CN,39.9833,98.8667,42.49,54,97,3.98
6070684,McLeod Lake,CA,54.9832,-123.0364,39.2,65,1,6.91
2181997,Takaka,NZ,-40.85,172.8,60.8,88,63,4.0
779683,Hammerfest,NO,70.6634,23.6821,13.6,79,40,16.11
2355404,Solenzo,BF,12.1833,-4.0833,83.43,14,86,7.47
909887,Luangwa,ZM,-15.6167,30.4167,76.46,84,92,2.84
3862771,Departamento de Capayán,AR,-28.8333,-66.0,80.01,72,7,5.01
3395497,Maracaçumé,BR,-2.0428,-45.9592,74.77,95,94,2.21
2157076,Moonbi,AU,-31.0167,151.0667,67.53,68,37,9.22
3665314,Anori,BR,-8.3333,-67.3333,72.19,96,100,2.15
6940753,Ghayl Ba Wazir,YE,14.8778,49.0245,60.82,77,0,5.06
875996,Moxico Province,AO,-12.8487,20.9327,67.01,86,45,3.15
7839600,Leonora,AU,-28.3942,121.2596,85.23,17,0,11.54
1490686,Sukhoy Log,RU,56.9094,62.0296,-2.16,92,100,2.77
2455456,Kinmparana,ML,12.8402,-4.9199,81.75,15,18,9.44
5992554,Kinistino,CA,52.95,-105.0343,31.91,80,98,19.57
5829425,Kemmerer,US,41.7925,-110.5377,21.9,79,40,12.66
3728474,Cap-Haitien,HT,19.7578,-72.2042,76.91,75,8,17.47
130801,Ilam Province,IR,33.1667,47.0,43.21,60,38,4.79
2764957,Solden,AT,46.9667,11.0,43.52,49,0,4.61
2057031,Mokdale,ID,-10.7333,123.0333,80.91,83,74,10.22
3150002,Kjøpsvik,NO,68.097,16.3742,17.6,86,75,19.57
7839709,Central Darling,AU,-31.7715,143.6257,89.11,27,54,8.97
300808,Silifke,TR,36.3778,33.9344,48.61,49,93,6.49
3173935,Marina di Carrara,IT,44.0384,10.0414,51.75,93,0,5.75
2508807,Adrar,DZ,25.75,-1.0,79.9,15,100,11.05
608359,Shalqar,KZ,47.8333,59.6,14.83,96,100,10.74
319345,Çatak,TR,38.0085,43.065,21.2,79,75,3.44
3369174,Calvinia,ZA,-31.4707,19.776,60.19,33,0,4.18
542965,Krasnokholmskiy,RU,55.9873,55.0466,-10.8,90,97,6.44
7603255,Barh el Gazel Region,TD,14.6667,16.9167,72.45,18,4,12.3
598392,Karmelava,LT,54.9667,24.0667,35.6,80,100,5.75
5864145,Homer,US,59.6425,-151.5483,22.68,68,90,3.06
1512205,Abaza,RU,52.655,90.0928,9.03,91,22,1.3
5466318,Eddy,US,32.8757,-104.7511,48.31,23,1,9.22
2026023,Bukachacha,RU,52.9833,116.9167,-8.01,85,55,5.86
53707,Mudug,SO,7.0,48.0,75.4,64,60,20.42
2123371,Mayskiy,RU,48.9975,140.2053,9.03,90,0,5.48
2180815,Tuatapere,NZ,-46.1333,167.6833,61.0,80,0,3.0
3520989,Puerto Madero,MX,14.7208,-92.4215,78.8,89,75,4.43
2220082,Al Fuqaha',LY,27.8337,16.3849,61.81,25,84,10.22
2434985,Bokoro,TD,12.3807,17.0568,79.03,16,2,11.54
6093114,Old Crow,CA,67.5712,-139.8342,-31.92,82,7,0.69
2031799,East Aimak,MN,48.0,115.0,1.24,90,7,10.18
1262574,Mūl,IN,20.0667,79.6667,77.63,24,11,4.29
2056029,Entuziastov,RU,70.8644,134.6397,-34.08,81,0,1.95
1040652,Maputo,MZ,-25.9653,32.5892,82.2,78,75,12.66
168887,Judaydat Khābūr,SY,35.8167,39.4667,47.43,50,0,3.71
7839408,Roper Gulf,AU,-15.3056,134.9736,82.44,77,84,11.97
6140815,Sandy Lake,CA,56.9835,-107.2846,33.91,97,100,8.48
159242,Ikwiriri,TZ,-7.9562,38.9716,76.39,94,98,4.12
4031110,Fale old settlement,TK,-9.3852,-171.2468,82.54,78,100,17.36
122289,Neyrīz,IR,29.1988,54.3278,53.6,76,75,6.91
159067,Iringa,TZ,-9.0,35.0,61.95,94,100,3.27
2066901,Marree,AU,-29.65,138.0667,86.85,33,0,25.48
3572005,Long Island,BS,23.2167,-75.1117,75.43,79,37,25.99
1325443,Hakha,MM,22.65,93.6167,55.33,64,70,1.74
5835069,Pine Bluffs,US,41.1819,-104.0691,29.95,59,1,21.85
5849164,Kekaha,US,21.9683,-159.7132,73.58,88,75,4.61
6139393,Salluit,CA,62.2006,-75.6323,10.99,91,88,17.69
495922,Shal'skiy,RU,61.797,36.0168,-9.2,89,21,10.18
2015306,Tiksi,RU,71.6872,128.8694,-26.0,86,34,2.73
343143,Āwarē,ET,8.2561,44.1567,72.54,38,96,19.46
5079617,Springview,US,42.8244,-99.749,32.14,74,1,9.22
3380993,Maripa-Village,GF,3.6333,-54.05,73.47,94,100,3.13
7645723,Satawal,FM,7.382,147.0322,82.4,75,40,19.01
5992650,Kinosis,CA,56.3335,-110.9685,39.2,81,88,31.07
586971,Bilgeh,AZ,40.5681,50.0378,39.2,75,40,4.61
6171824,Umiujaq,CA,56.5554,-76.5522,15.71,97,100,19.66
288789,Barkā’,OM,23.7074,57.8891,75.2,78,0,3.44
4015471,Carácuaro,MX,19.0106,-101.1264,76.55,28,0,3.49
3373168,Vila do Corvo,PT,39.6667,-31.1333,63.05,84,79,33.22
553609,Kamenka,RU,65.8876,44.1126,-30.89,83,5,5.01
656711,Ilomantsi,FI,62.8333,31.0,-1.05,88,100,11.43
146961,Yardımlı,AZ,38.9206,48.2372,39.2,100,90,3.44
2122262,Palana,RU,59.1167,159.9667,3.7,96,95,11.65
2483761,Reggane,DZ,26.7158,0.1714,79.5,16,92,9.57
2143437,Windellama,AU,-35.022,149.8728,66.51,100,86,4.61
3691324,Tocache,PE,-8.1842,-76.5125,72.3,87,100,0.83
1802431,Longsheng,CN,25.7936,110.0092,68.0,68,75,2.24
3699427,Barranca,PE,-4.8333,-76.7,80.44,70,100,1.88
2417834,Mamou,GN,10.15,-11.95,86.52,35,94,1.03
96205,Halabja,IQ,35.1778,45.9861,43.81,60,29,1.59
2120047,Ust'-Omchug,RU,61.15,149.6333,-11.67,82,100,6.62
3371199,Erongo,NA,-22.0833,15.3333,66.42,46,0,9.13
1279094,Akot,IN,21.0964,77.0586,78.73,22,0,4.99
2478217,Tamanrasset Province,DZ,23.75,4.6667,65.43,24,0,5.53
101760,Sulţānah,SA,24.4926,39.5857,73.4,11,0,4.61
219057,Beni,CD,0.5,29.4667,71.2,63,100,3.22
2446796,Bilma,NE,18.6853,12.9164,68.25,21,6,6.89
3386495,Teresinha,BR,0.9667,-52.0333,74.28,90,99,3.06
1668352,Tainan,TW,23.0,120.1888,67.57,51,20,4.61
5955887,Fort Liard,CA,60.2334,-123.4698,-5.03,89,100,5.59
3853786,Ingeniero Jacobacci,AR,-41.3427,-69.5448,55.35,41,100,19.39
5432024,Mount Pearl,US,38.9625,-102.7894,29.84,55,1,9.22
3601402,Savannah Bight,HN,16.45,-85.85,73.99,91,32,3.15
3394892,Miguel Alves,BR,-4.1656,-42.8953,76.77,91,99,0.49
1802750,Lizhai,CN,29.0084,117.9189,62.53,62,0,2.35
5731397,Hines,US,43.564,-119.081,33.91,80,1,4.61
610743,Aqqystau,KZ,47.2333,51.0,21.2,86,0,6.71
1714769,Dinalongan,PH,16.1404,121.9573,73.96,81,95,13.24
3336899,Aragon,ES,41.0,-1.0,52.27,100,90,20.71
3349234,Kwanza Sul Province,AO,-10.827,15.032,64.81,90,45,1.92
6087172,Nestor Falls,CA,49.1167,-93.9337,29.05,69,100,5.75
7839397,Torres,AU,-10.7038,142.1796,80.6,89,100,3.44
3849980,La Maruja,AR,-35.6736,-64.94,75.47,41,0,8.14
1000543,Graaff-Reinet,ZA,-32.2522,24.5308,63.21,60,0,17.07
4017700,Baja California,MX,30.0,-115.0,57.02,32,0,20.62
608879,Mangistauskaya Oblast’,KZ,44.0,54.0,29.01,97,65,6.53
1035025,Nacala,MZ,-14.5428,40.6728,80.49,82,99,5.26
710007,Dmytrivka,UA,47.9361,38.9366,31.95,97,98,10.71
2236053,Abong Mbang,CM,3.9833,13.1833,76.48,30,22,2.35
2146661,Tibooburra,AU,-29.4333,142.0167,91.2,22,66,10.22
8030545,Crooked Island and Long Cay District,BS,22.7336,-74.2153,75.96,77,0,22.77
143052,Ardestān,IR,33.3761,52.3694,51.84,40,39,6.76
2123979,Kuril'sk,RU,45.2333,147.8833,24.17,93,98,23.17
2742994,Alvares,PT,40.0171,-8.0993,46.27,89,68,3.85
2593112,Extremadura,ES,39.0,-6.0,48.99,80,100,10.0
4013688,Cloete,MX,27.9167,-101.1667,61.0,67,0,1.99
113659,Tabas,IR,33.5959,56.9244,59.72,29,0,9.6
2667876,Torsby,SE,60.1353,13.0082,37.4,100,90,2.3
1895695,Kushima,JP,31.4583,131.2333,59.16,42,75,14.97
4634931,Knox,US,36.0168,-83.9332,44.91,37,1,5.75
2314300,Kinshasa City,CD,-4.5,15.5,80.6,78,20,3.44
2159441,Lower Tully,AU,-18.0,146.0167,76.62,93,100,4.34
2565056,Punta Umbria,ES,37.1821,-6.9661,52.56,60,100,1.99
2185172,Owaka,NZ,-46.45,169.6667,61.0,66,0,3.15
1529001,Yuli,CN,41.3306,86.2578,44.87,55,100,7.14
5040822,Park Rapids,US,46.9222,-95.0586,28.36,86,90,12.66
1500962,Kyzyl-Khaya,RU,50.0499,89.8782,6.01,71,17,5.5
2125742,Enken,RU,57.7667,140.2,2.91,82,100,10.51
2255329,Sangha Department,CG,1.3333,15.5,80.28,42,87,1.57
1511646,Andra,RU,62.5147,65.8878,-25.85,85,97,6.6
331038,Mendī,ET,9.8,35.1,68.86,42,88,3.09
2120245,Ugol'nyye Kopi,RU,64.7333,177.7,-19.14,76,75,4.47
2457163,Gao,ML,16.2717,-0.0447,79.47,13,0,11.25
2449067,Timbuktu,ML,16.7735,-3.0074,79.75,15,0,9.8
1850822,Taketomi,JP,24.3307,124.0851,66.2,68,20,2.3
5878818,Adak,US,51.88,-176.6581,33.8,86,90,11.5
4054566,Centreville,US,32.9446,-87.1386,50.88,37,1,6.71
1655842,Laos,LA,18.0,105.0,66.34,49,70,2.46
3148569,Laerdal,NO,61.098,7.4816,41.0,60,20,9.22
2663077,Vikarbyn,SE,60.9167,15.0167,39.06,100,100,2.3
1153427,Fang,TH,19.9169,99.2145,73.4,83,40,3.44
1796339,Shancheng,CN,36.9568,107.0266,48.15,46,46,12.48
5872126,Prudhoe Bay,US,70.2553,-148.3372,-9.4,77,90,23.02
577922,Belomorsk,RU,64.5232,34.7668,-15.79,89,97,7.65
1540356,Raduzhny,RU,62.0961,77.475,-11.27,90,100,6.55
2120059,Ust'-Kamchatsk,RU,56.2367,162.5189,23.67,98,98,14.67
886843,Mashonaland Central Province,ZW,-17.0,31.0,65.93,87,100,4.45
3399445,Forquilha,BR,-3.7983,-40.2606,78.62,81,16,4.12
8020335,Sindangsari,ID,-7.7983,108.2354,80.6,81,92,5.41
225282,Ali Sabieh Region,DJ,11.25,43.0,73.65,72,100,11.99
2126785,Belaya Gora,RU,68.5333,146.4167,-35.77,82,0,2.39
3412888,Stykkisholmur,IS,65.0757,-22.7297,34.63,88,100,6.26
1856586,Mori,JP,34.8333,137.9333,59.68,47,20,14.97
1786676,Yima,CN,34.7381,111.8839,62.24,26,0,8.48
876337,Cuando Cobango Province,AO,-15.9476,19.3832,64.65,91,90,4.0
2416085,Sangarédi,GN,11.1,-13.7667,82.96,43,71,7.72
3021716,Darney,FR,48.0866,6.0492,49.5,50,0,6.91
1280679,Luring,CN,32.2667,84.2,28.67,55,2,9.01
1066702,Besalampy,MG,-16.75,44.4833,77.41,82,100,2.8
355449,Esna,EG,25.2934,32.554,64.4,39,0,8.05
6912297,Sikoroni,ML,13.0211,-9.277,83.95,14,4,4.52
1516589,Dzhezkazgan,KZ,47.7833,67.7667,17.33,97,99,7.96
3345497,Uacu Cungo,AO,-11.3634,15.1208,64.24,87,72,2.39
5518239,Canyon,US,34.9803,-101.9188,39.38,60,1,6.91
2025256,Chumikan,RU,54.7183,135.315,2.77,89,15,8.43
3623602,Guácimo,CR,8.9484,-83.1096,72.84,76,97,2.24
324698,Akhisar,TR,38.9185,27.8401,44.01,50,0,8.88
893172,Chivhu,ZW,-19.0211,30.8922,65.41,85,100,3.67
2182010,Tairua,NZ,-37.0167,175.85,69.01,87,12,8.01
400745,North Eastern Province,KE,1.0,40.25,88.57,38,94,6.17
5989520,Kashechewan,CA,52.3,-81.6166,30.22,96,98,15.37
4691572,Flour Bluff,US,27.6739,-97.2789,63.39,82,90,10.36
524299,Murmashi,RU,68.8154,32.8115,-22.0,76,0,4.43
5490223,Santa Clara,US,32.7795,-108.1503,37.58,25,1,10.36
2091993,Madang Province,PG,-5.0,145.5,70.61,100,100,2.26
1502073,Krasnosel'kup,RU,65.7,82.4667,-25.33,85,96,8.63
3403687,Camocim,BR,-2.9022,-40.8411,79.09,86,98,11.36
3159107,Dombås,NO,62.0696,9.1235,35.69,85,100,6.87
1500816,Lebed',RU,62.0944,89.1864,-16.91,86,100,4.03
87205,Darnah,LY,32.767,22.6367,56.16,74,18,17.47
1811722,Enle,CN,23.9605,101.0826,53.11,66,1,2.19
6095788,Oxford House,CA,54.9485,-95.266,23.85,97,78,8.84
3662489,Santa Isabel Rio Negro,BR,-0.4139,-65.0192,75.96,97,95,1.83
6063363,Mackies,CA,48.2334,-90.0669,26.04,86,90,6.91
1219651,Lebap,TM,39.0,63.0,44.6,49,0,4.61
1283245,Karnālī Zone,NP,29.5,82.4167,18.75,91,0,0.43
1581047,Ha Tinh,VN,18.3333,105.9,67.06,85,77,6.11
2562816,Kerċem,MT,36.0419,14.2267,55.85,82,0,10.36
6100761,Pelly Crossing,CA,62.8303,-136.5813,-4.34,88,99,1.39
3625515,Valle de La Pascua,VE,9.2155,-66.0073,78.1,52,75,10.87
933491,Mabuli,BW,-25.7833,24.6,73.04,62,97,11.79
499539,Sadovoy,RU,45.0247,38.0156,33.84,64,75,2.24
4036024,Nasaqalau,FJ,-18.1833,-178.8,80.06,77,85,24.2
609537,Qaraton,KZ,46.4353,53.4864,23.56,94,99,8.88
2415702,Siguiri,GN,11.6667,-9.5,87.42,13,33,4.34
3738301,El Tarra,CO,8.5756,-73.0949,74.98,74,43,0.69
1493423,Russkaya Polyana,RU,53.7794,73.8806,-9.6,90,4,9.13
3672512,Peque,CO,7.0212,-75.9093,66.47,79,80,2.08
3461525,Ibotirama,BR,-12.1853,-43.2206,73.26,86,99,1.86
3452490,Poxoréo,BR,-15.8372,-54.3892,75.99,86,100,1.99
124193,Meybod,IR,32.2501,54.0166,57.2,18,40,4.61
3453025,Ponto Novo,BR,-10.8628,-40.1336,81.66,52,92,5.75
3388847,São Félix do Xingu,BR,-6.6447,-51.995,72.93,95,97,0.81
3170853,Pie' del Sasso,IT,42.9943,12.9989,49.98,71,0,3.44
361323,Faiyum Governorate,EG,29.3,30.5,58.39,47,0,9.04
3456642,Mozarlândia,BR,-14.7447,-50.5706,72.77,96,100,5.46
839750,Dederkoy,RU,44.055,39.1306,42.58,68,89,9.35
3337386,Vastra Gotaland County,SE,58.0,13.0,38.44,100,90,9.22
3397843,Rio Ivaí,BR,-1.3667,-52.1667,76.35,92,99,3.04
2651589,Daliburgh,GB,57.1667,-7.4,44.71,81,20,19.57
2597449,Kidal,ML,19.9167,1.0833,75.27,16,0,9.75
3671346,Puerto Yuca,CO,2.9383,-73.2083,83.7,44,96,5.01
3199525,Gromiljak,BA,43.9667,18.0531,44.31,70,0,4.61
5062292,Valley City,US,46.9233,-98.0032,32.49,74,1,8.05
336350,Goba,ET,7.0167,39.9833,54.5,71,72,3.67
7306515,Airok,MH,7.2772,168.8203,81.41,77,5,20.31
2079192,Green Head,AU,-30.0717,114.9672,79.77,50,0,21.14
5043181,Richards,US,46.8361,-95.9123,28.13,93,90,8.05
212360,Kongolo,CD,-5.3833,27.0,71.08,93,100,2.01
1835515,T’aebaek,KR,37.1759,128.9889,46.69,55,10,10.31
3686431,Departamento del Chocó,CO,6.0,-77.0,73.81,90,100,3.29
1268469,Kālānwāli,IN,29.85,74.95,70.12,21,69,4.03
494884,Shenkursk,RU,62.1091,42.896,-21.59,86,21,4.45
76699,Burum,YE,14.3636,48.9797,73.85,66,0,7.54
2650589,Dymchurch,GB,51.0254,0.9939,50.81,87,100,8.05
2162976,Hughenden,AU,-20.85,144.2,84.2,48,96,4.61
3731287,Taquari,BR,-9.8736,-67.9103,75.2,100,40,4.61
7306524,Lib,MH,8.3122,167.3766,82.4,74,40,20.71
2306774,San Antonio de Pale,GQ,-1.4014,5.6325,81.57,77,100,9.86
2031601,Dzogsool,MN,46.8,107.15,5.86,88,43,8.93
2091495,Manus Province,PG,-2.0,147.0,79.84,81,64,6.22
5869635,Napaimute (historical),US,59.4333,-154.8667,8.85,85,90,4.61
8030552,North Andros District,BS,24.7669,-78.0961,71.01,75,98,20.98
7536143,Saga,CN,29.3237,85.226,30.85,66,0,3.56
1337284,Lhuntse District,BT,27.75,91.1833,35.67,85,25,1.23
3648698,Bachaquero,VE,9.9694,-71.1494,82.13,64,61,4.56
6930874,Shikotan,RU,43.7999,146.7214,27.48,90,78,15.08
1796480,Shaanxi,CN,36.0,109.0,55.83,32,0,1.88
2475612,Tolga,DZ,34.7222,5.3785,69.8,14,100,19.57
5877208,Unalaska,US,53.8736,-166.5367,30.2,69,20,13.8
1278103,Awantipur,IN,33.9167,75.0167,47.57,61,87,1.39
7535696,Spitsbergen,SJ,78.0529,17.71,24.8,68,40,13.8
3904793,Santa Rosa,BO,-14.1667,-66.8833,75.06,94,95,5.91
1914024,Longlou,CN,19.6563,110.9646,68.0,77,0,6.71
2097418,Finschhafen,PG,-6.6024,147.8681,81.95,76,100,5.28
1081530,Ambodifotatra,MG,-16.9833,49.85,83.91,76,73,7.09
5116680,Essex,US,44.1001,-73.8163,15.12,72,1,2.68
3648789,Municipio Autonomo Atures,VE,5.6925,-67.3462,81.5,60,74,3.0
2167799,Eden,AU,-37.0667,149.9,68.99,94,75,6.06
2312249,Mushie,CD,-3.0167,16.9,81.52,61,96,0.56
6971554,Zhengkeng,CN,27.9922,119.7976,53.67,69,0,2.06
2539875,Oulad Al Haj,MA,31.9303,-4.4027,57.2,21,40,17.27
1512348,Yangirabot,UZ,40.0254,65.961,42.8,70,47,6.91
1672228,Magong,TW,23.5654,119.5863,66.36,65,1,4.9
2317277,Bas-Congo Province,CD,-5.5,14.5,73.49,89,18,3.27
5637146,Anaconda,US,46.1285,-112.9423,32.81,60,90,5.75
7267904,Saint Thomas Island,VI,18.3271,-64.9694,77.14,69,75,9.22
2700801,Kiruna Kommun,SE,68.1667,19.5,3.43,85,90,6.91
4017728,Bahía de Kino,MX,28.8333,-111.9333,64.74,27,43,7.0
2098948,Bueri,PG,-2.6597,152.0103,84.83,74,88,10.09
4034948,Utuloa,WS,-13.5081,-172.635,79.2,83,100,14.9
2170658,Cooktown,AU,-15.4667,145.25,75.27,95,100,2.91
6087210,Netla,CA,60.9502,-123.2698,-4.9,77,100,2.3
3446579,Terra Roxa,BR,-23.8557,-50.0314,70.52,78,42,2.73
64538,Bay,SO,3.0,43.5,82.24,32,43,11.39
6185024,Wyoming,CA,42.9501,-82.1165,24.93,68,75,16.11
4032420,Neiafu,TO,-18.65,-173.9833,79.93,74,0,20.15
562245,Gadzhiyevo,RU,69.2551,33.3362,-22.0,76,0,10.31
1276509,Bellary,IN,15.15,76.9333,71.37,72,96,8.32
2704114,Husum,SE,63.3333,19.1667,15.8,92,90,9.22
2018436,Onokhoy,RU,51.932,108.0747,1.4,51,75,5.75
2157641,Millmerran,AU,-27.8667,151.2667,75.2,50,0,6.91
71005,Sayhut,YE,15.2106,51.2456,72.46,63,37,7.9
1214204,Pematangsiantar,ID,2.9595,99.0687,73.38,90,98,1.79
2173910,Broken Hill Municipality,AU,-31.95,141.4333,86.0,28,75,23.02
2298528,Kwesimintsim,GH,4.9145,-1.7876,80.98,80,1,10.07
486645,Sukhobezvodnoye,RU,57.0491,44.8891,-4.49,92,99,3.42
606350,Byske,SE,64.9526,21.2058,13.12,92,90,4.61
3414079,Olafsvik,IS,64.8945,-23.7142,37.98,80,100,8.52
1304138,Ninglum,MM,25.2167,97.2333,69.01,42,0,0.34
3315550,Emlagh,IE,53.5542,-10.1344,44.38,82,0,24.0
2078024,Adelaide River,AU,-13.2379,131.1056,78.6,92,100,3.47
5866726,Kotzebue,US,66.8983,-162.5967,-11.87,70,1,13.8
5863850,Healy,US,63.8569,-148.9661,-13.0,77,90,1.45
